[{"model": "accounts.user", "pk": 1, "fields": {"password": "pbkdf2_sha256$260000$6hAu8O4XSbJzPonkny99lE$EFgX7uhbryeA5pzBwIry85Pi7olnVgOa4jZd6j6SXts=", "last_login": "2022-11-20T09:55:45.795Z", "is_superuser": true, "username": "admin", "first_name": "", "last_name": "", "email": "", "is_staff": true, "is_active": true, "date_joined": "2022-11-17T10:59:43.613Z", "score": 0, "groups": [], "user_permissions": [], "followings": [3]}}, {"model": "accounts.user", "pk": 2, "fields": {"password": "pbkdf2_sha256$260000$fZAuD0Xr6TGM4W6btQfyNM$oWUD/fuOZ0+gpHu+U7ik3bU200gddM6DYGM4jv31/rE=", "last_login": "2022-11-19T03:12:01.414Z", "is_superuser": true, "username": "admin2", "first_name": "", "last_name": "", "email": "", "is_staff": true, "is_active": true, "date_joined": "2022-11-17T11:00:07.188Z", "score": 0, "groups": [], "user_permissions": [], "followings": []}}, {"model": "accounts.user", "pk": 3, "fields": {"password": "pbkdf2_sha256$260000$Tm9203p7oFDS1noC4RYXP8$kkelRXMnsbNyVhuUPeNaxALrVkfX1+UfqsMDsQNIiXI=", "last_login": "2022-11-19T10:49:08.733Z", "is_superuser": false, "username": "user1", "first_name": "", "last_name": "", "email": "", "is_staff": false, "is_active": true, "date_joined": "2022-11-18T05:07:36.083Z", "score": 0, "groups": [], "user_permissions": [], "followings": [1]}}, {"model": "accounts.user", "pk": 4, "fields": {"password": "pbkdf2_sha256$260000$9FIvP9GuGdZu8E8Q8UONCY$8qHSDlyCO/T4qpEt4KVVEGDhWaSwQ8C7H1ePZ9N18y4=", "last_login": "2022-11-20T08:02:33.034Z", "is_superuser": false, "username": "user3", "first_name": "", "last_name": "", "email": "", "is_staff": false, "is_active": true, "date_joined": "2022-11-20T08:02:32.868Z", "score": 0, "groups": [], "user_permissions": [], "followings": []}}, {"model": "community.post", "pk": 1, "fields": {"title": "작성", "content": "되나요?", "created_at": "2022-11-17T11:03:41.593Z", "updated_at": "2022-11-17T11:03:41.593Z", "user": 1, "like_users": [3]}}, {"model": "community.post", "pk": 2, "fields": {"title": "잠이왜오냐", "content": "미쳤다", "created_at": "2022-11-17T11:03:55.259Z", "updated_at": "2022-11-17T11:03:55.259Z", "user": 1, "like_users": [1, 3]}}, {"model": "community.post", "pk": 5, "fields": {"title": "글", "content": "쓰기", "created_at": "2022-11-20T04:30:30.679Z", "updated_at": "2022-11-20T04:30:30.679Z", "user": 3, "like_users": []}}, {"model": "community.comment", "pk": 1, "fields": {"content": "fgd", "post": 1, "user": 1, "created_at": "2022-11-17T12:24:34.627Z", "original_comment": null}}, {"model": "community.comment", "pk": 2, "fields": {"content": "h", "post": 1, "user": 1, "created_at": "2022-11-17T12:24:58.092Z", "original_comment": null}}, {"model": "community.comment", "pk": 3, "fields": {"content": "a", "post": 1, "user": 1, "created_at": "2022-11-17T12:33:25.609Z", "original_comment": null}}, {"model": "community.comment", "pk": 4, "fields": {"content": "asd", "post": 1, "user": 1, "created_at": "2022-11-17T12:38:49.429Z", "original_comment": null}}, {"model": "community.comment", "pk": 5, "fields": {"content": "asdasd", "post": 1, "user": 1, "created_at": "2022-11-17T12:39:13.596Z", "original_comment": null}}, {"model": "community.comment", "pk": 6, "fields": {"content": "qwe", "post": 1, "user": 1, "created_at": "2022-11-17T12:39:26.882Z", "original_comment": null}}, {"model": "community.comment", "pk": 7, "fields": {"content": "asd", "post": 1, "user": 1, "created_at": "2022-11-17T12:39:45.465Z", "original_comment": null}}, {"model": "community.comment", "pk": 8, "fields": {"content": "asd", "post": 1, "user": 1, "created_at": "2022-11-17T12:40:14.467Z", "original_comment": null}}, {"model": "community.comment", "pk": 9, "fields": {"content": "a", "post": 1, "user": 1, "created_at": "2022-11-17T12:40:29.929Z", "original_comment": null}}, {"model": "community.comment", "pk": 10, "fields": {"content": "가잣", "post": 1, "user": 1, "created_at": "2022-11-17T12:41:11.404Z", "original_comment": null}}, {"model": "community.comment", "pk": 11, "fields": {"content": "asd", "post": 1, "user": 1, "created_at": "2022-11-17T12:42:28.904Z", "original_comment": null}}, {"model": "community.comment", "pk": 12, "fields": {"content": "a", "post": 1, "user": 1, "created_at": "2022-11-17T12:42:38.548Z", "original_comment": null}}, {"model": "community.comment", "pk": 13, "fields": {"content": "호무야", "post": 1, "user": 1, "created_at": "2022-11-17T13:06:11.463Z", "original_comment": null}}, {"model": "community.comment", "pk": 14, "fields": {"content": "asd", "post": 1, "user": 1, "created_at": "2022-11-17T13:26:14.457Z", "original_comment": null}}, {"model": "community.comment", "pk": 15, "fields": {"content": "대댓글", "post": 1, "user": 1, "created_at": "2022-11-17T13:26:31.263Z", "original_comment": null}}, {"model": "community.comment", "pk": 16, "fields": {"content": "대댓글", "post": 1, "user": 1, "created_at": "2022-11-17T13:26:31.364Z", "original_comment": null}}, {"model": "community.comment", "pk": 17, "fields": {"content": "대댓글", "post": 1, "user": 1, "created_at": "2022-11-17T13:26:39.216Z", "original_comment": null}}, {"model": "community.comment", "pk": 18, "fields": {"content": "대댓글", "post": 1, "user": 1, "created_at": "2022-11-17T13:26:39.257Z", "original_comment": null}}, {"model": "community.comment", "pk": 19, "fields": {"content": "대댓글입니당", "post": 1, "user": 1, "created_at": "2022-11-17T13:28:58.387Z", "original_comment": null}}, {"model": "community.comment", "pk": 20, "fields": {"content": "되라고", "post": 1, "user": 1, "created_at": "2022-11-17T13:30:04.736Z", "original_comment": null}}, {"model": "community.comment", "pk": 21, "fields": {"content": "되라고", "post": 1, "user": 1, "created_at": "2022-11-17T13:30:05.231Z", "original_comment": null}}, {"model": "community.comment", "pk": 22, "fields": {"content": "왜 두번?", "post": 1, "user": 1, "created_at": "2022-11-17T13:30:16.578Z", "original_comment": null}}, {"model": "community.comment", "pk": 23, "fields": {"content": "대댓글입니다", "post": 1, "user": 1, "created_at": "2022-11-17T13:33:38.287Z", "original_comment": null}}, {"model": "community.comment", "pk": 24, "fields": {"content": "대댓글입니다", "post": 1, "user": 1, "created_at": "2022-11-17T13:33:38.326Z", "original_comment": null}}, {"model": "community.comment", "pk": 25, "fields": {"content": "쥐발", "post": 1, "user": 1, "created_at": "2022-11-17T13:37:55.677Z", "original_comment": 24}}, {"model": "community.comment", "pk": 26, "fields": {"content": "쥐발", "post": 1, "user": 1, "created_at": "2022-11-17T13:37:55.749Z", "original_comment": 24}}, {"model": "community.comment", "pk": 27, "fields": {"content": "가니?", "post": 1, "user": 1, "created_at": "2022-11-17T13:38:28.566Z", "original_comment": 24}}, {"model": "community.comment", "pk": 28, "fields": {"content": "ㄹㄹㄹㄹ", "post": 1, "user": 1, "created_at": "2022-11-17T13:40:27.980Z", "original_comment": 22}}, {"model": "community.comment", "pk": 29, "fields": {"content": "그냥댓글", "post": 1, "user": 1, "created_at": "2022-11-17T13:41:12.011Z", "original_comment": null}}, {"model": "community.comment", "pk": 30, "fields": {"content": "그냥댓글", "post": 1, "user": 1, "created_at": "2022-11-17T13:41:12.040Z", "original_comment": null}}, {"model": "community.comment", "pk": 31, "fields": {"content": "대댓글", "post": 1, "user": 1, "created_at": "2022-11-17T13:41:20.787Z", "original_comment": 30}}, {"model": "community.comment", "pk": 32, "fields": {"content": "대댓글", "post": 1, "user": 1, "created_at": "2022-11-17T13:41:20.821Z", "original_comment": 30}}, {"model": "community.comment", "pk": 33, "fields": {"content": "이거맞니?", "post": 1, "user": 1, "created_at": "2022-11-17T13:48:31.424Z", "original_comment": 24}}, {"model": "community.comment", "pk": 34, "fields": {"content": "안뇽", "post": 2, "user": 1, "created_at": "2022-11-18T02:28:00.927Z", "original_comment": null}}, {"model": "community.comment", "pk": 35, "fields": {"content": "하이", "post": 2, "user": 1, "created_at": "2022-11-18T02:28:06.954Z", "original_comment": 34}}, {"model": "community.comment", "pk": 36, "fields": {"content": "와우", "post": 2, "user": 3, "created_at": "2022-11-19T05:05:23.289Z", "original_comment": null}}, {"model": "movies.director", "pk": 24, "fields": {"name": "Robert Zemeckis", "profile_path": "/lPYDQ5LYNJ12rJZENtyASmVZ1Ql.jpg"}}, {"model": "movies.director", "pk": 108, "fields": {"name": "Peter Jackson", "profile_path": "/4hh7hips4xc6kgpNDQKQH3goRvJ.jpg"}}, {"model": "movies.director", "pk": 138, "fields": {"name": "Quentin Tarantino", "profile_path": "/1gjcpAa99FAOWGnrUvHEXXsRs7o.jpg"}}, {"model": "movies.director", "pk": 488, "fields": {"name": "Steven Spielberg", "profile_path": "/tZxcg19YQ3e8fJ0pOs7hjlnmmr6.jpg"}}, {"model": "movies.director", "pk": 525, "fields": {"name": "Christopher Nolan", "profile_path": "/xuAIuYSmsUzKlUMBFGVZaWsY3DZ.jpg"}}, {"model": "movies.director", "pk": 608, "fields": {"name": "Hayao Miyazaki", "profile_path": "/mG3cfxtA5jqDc7fpKgyzZMKoXDh.jpg"}}, {"model": "movies.director", "pk": 1032, "fields": {"name": "Martin Scorsese", "profile_path": "/9U9Y5GQuWX3EZy39B8nkk4NY01S.jpg"}}, {"model": "movies.director", "pk": 1776, "fields": {"name": "Francis Ford Coppola", "profile_path": "/mGKkVp3l9cipPt10AqoQnwaPrfI.jpg"}}, {"model": "movies.director", "pk": 2636, "fields": {"name": "Alfred Hitchcock", "profile_path": "/108fiNM6poRieMg7RIqLJRxdAwG.jpg"}}, {"model": "movies.director", "pk": 4027, "fields": {"name": "Frank Darabont", "profile_path": "/nvOqAQhKtXdHtczgqanoCfltsxJ.jpg"}}, {"model": "movies.director", "pk": 4385, "fields": {"name": "Sergio Leone", "profile_path": "/2576qoW8l9Z1nKGM10ar60aIwUu.jpg"}}, {"model": "movies.director", "pk": 4818, "fields": {"name": "Roberto Benigni", "profile_path": "/noelOhwX1oaNSvU9NLKhPrHTFI3.jpg"}}, {"model": "movies.director", "pk": 21684, "fields": {"name": "Bong Joon-ho", "profile_path": "/tKLJBqbdH6HFj2QxLA5o8Zk7IVs.jpg"}}, {"model": "movies.director", "pk": 59521, "fields": {"name": "Jaume Collet-Serra", "profile_path": "/saAeTFfgt9YRAybXmzfmIz01UCB.jpg"}}, {"model": "movies.director", "pk": 65314, "fields": {"name": "Giuseppe Tornatore", "profile_path": "/pjVrtNGsCSNs5IeRVr34PMn1hVR.jpg"}}, {"model": "movies.director", "pk": 74091, "fields": {"name": "Makoto Shinkai", "profile_path": "/mSCk6PmAR99bCsKJYlMx94vq5qe.jpg"}}, {"model": "movies.director", "pk": 1056121, "fields": {"name": "Ryan Coogler", "profile_path": "/40n61jOMzHpDSnzLBQOSEEWlxEw.jpg"}}, {"model": "movies.director", "pk": 1485823, "fields": {"name": "Thomas Kail", "profile_path": "/fe568wCZjaM7ZmSMcraYe3XN3tt.jpg"}}, {"model": "movies.director", "pk": 2042738, "fields": {"name": "Park Jun-soo", "profile_path": ""}}, {"model": "movies.director", "pk": 2377386, "fields": {"name": "MTJJ", "profile_path": "/efpX3wZCpQ24uzUpKrWHxQXhc2m.jpg"}}, {"model": "movies.director", "pk": 2378215, "fields": {"name": "Bang Woo-ri", "profile_path": "/ofaTg8VN5NniUjEyLnB9q5BWHcR.jpg"}}, {"model": "movies.actor", "pk": 31, "fields": {"name": "Tom Hanks", "profile_path": "/xndWFsBlClOJFRdhSt4NBwiPq2o.jpg"}}, {"model": "movies.actor", "pk": 32, "fields": {"name": "Robin Wright", "profile_path": "/8SWAGtDKEKWz3O5xV5Q31mZXUvL.jpg"}}, {"model": "movies.actor", "pk": 33, "fields": {"name": "Gary Sinise", "profile_path": "/ngYV91xYfCu0JNcSxJ4yQ7tzOna.jpg"}}, {"model": "movies.actor", "pk": 34, "fields": {"name": "Mykelti Williamson", "profile_path": "/b68ZTxJL8EuvGMCcgSH3Mbn2GxP.jpg"}}, {"model": "movies.actor", "pk": 35, "fields": {"name": "Sally Field", "profile_path": "/36qWnokCU1VOdSyrmGbTxzGou44.jpg"}}, {"model": "movies.actor", "pk": 52, "fields": {"name": "David Morse", "profile_path": "/A6zGbkFjM3uajIakgsSeNTmSKqY.jpg"}}, {"model": "movies.actor", "pk": 62, "fields": {"name": "Bruce Willis", "profile_path": "/caX3KtMU42EP3VLRFFBwqIIrch5.jpg"}}, {"model": "movies.actor", "pk": 64, "fields": {"name": "Gary Oldman", "profile_path": "/2v9FVVBUrrkW2m3QOcYkuhq9A6o.jpg"}}, {"model": "movies.actor", "pk": 99, "fields": {"name": "Amanda Plummer", "profile_path": "/joHGUtEmXzJkH6ogEliiUKT9MNa.jpg"}}, {"model": "movies.actor", "pk": 109, "fields": {"name": "Elijah Wood", "profile_path": "/7UKRbJBNG7mxBl2QQc5XsAh6F8B.jpg"}}, {"model": "movies.actor", "pk": 110, "fields": {"name": "Viggo Mortensen", "profile_path": "/vH5gVSpHAMhDaFWfh0Q7BG61O1y.jpg"}}, {"model": "movies.actor", "pk": 112, "fields": {"name": "Cate Blanchett", "profile_path": "/vUuEHiAR0eD3XEJhg2DWIjymUAA.jpg"}}, {"model": "movies.actor", "pk": 113, "fields": {"name": "Christopher Lee", "profile_path": "/dA26fBr3t7mKqjn3OYW6kbD1LXM.jpg"}}, {"model": "movies.actor", "pk": 139, "fields": {"name": "Uma Thurman", "profile_path": "/pGyACejvvLI6tB0gFQ2rCjwqKvd.jpg"}}, {"model": "movies.actor", "pk": 190, "fields": {"name": "Clint Eastwood", "profile_path": "/dU35NnjZ4aGw5abIJe3WXVf3Eey.jpg"}}, {"model": "movies.actor", "pk": 192, "fields": {"name": "Morgan Freeman", "profile_path": "/905k0RFzH0Kd6gx8oSxRdnr6FL.jpg"}}, {"model": "movies.actor", "pk": 380, "fields": {"name": "Robert De Niro", "profile_path": "/cT8htcckIuyI1Lqwt1CvD02ynTh.jpg"}}, {"model": "movies.actor", "pk": 504, "fields": {"name": "Tim Robbins", "profile_path": "/hsCu1JUzQQ4pl7uFxAVFLOs9yHh.jpg"}}, {"model": "movies.actor", "pk": 517, "fields": {"name": "Pierce Brosnan", "profile_path": "/dzXVwwJLPwiZeXOnf7YxorqVEEM.jpg"}}, {"model": "movies.actor", "pk": 655, "fields": {"name": "John Rhys-Davies", "profile_path": "/bfn4WvhGo2QKYtv5ynk7tKu7NnL.jpg"}}, {"model": "movies.actor", "pk": 882, "fields": {"name": "Liv Tyler", "profile_path": "/9IlcL0MWSNz8YLzqSooRHCQD4Dt.jpg"}}, {"model": "movies.actor", "pk": 1004, "fields": {"name": "Danny Aiello", "profile_path": "/9H5aLDJ4QFN6vDLDk6CjE2voEm8.jpg"}}, {"model": "movies.actor", "pk": 1037, "fields": {"name": "Harvey Keitel", "profile_path": "/7P30hza1neYWW3r7rSQOC736K2Z.jpg"}}, {"model": "movies.actor", "pk": 1158, "fields": {"name": "Al Pacino", "profile_path": "/fMDFeVf0pjopTJbyRSLFwNDm8Wr.jpg"}}, {"model": "movies.actor", "pk": 1327, "fields": {"name": "Ian McKellen", "profile_path": "/5cnnnpnJG6TiYUSS7qgJheUZgnv.jpg"}}, {"model": "movies.actor", "pk": 1328, "fields": {"name": "Sean Astin", "profile_path": "/5oJzy6Ra0tuMEV7mfxjtqye5qUX.jpg"}}, {"model": "movies.actor", "pk": 1329, "fields": {"name": "Billy Boyd", "profile_path": "/uiWlsIOakNnUgda21PJF9wswzEJ.jpg"}}, {"model": "movies.actor", "pk": 1369, "fields": {"name": "Bernard Hill", "profile_path": "/5i8bj2nsTrFU2ddSynleOjapxor.jpg"}}, {"model": "movies.actor", "pk": 1579, "fields": {"name": "Maggie Gyllenhaal", "profile_path": "/qxgM5LzzG4uWTprCL3gBVVJ2Q1K.jpg"}}, {"model": "movies.actor", "pk": 1810, "fields": {"name": "Heath Ledger", "profile_path": "/5Y9HnYYa9jF4NunY9lSgJGjSe8E.jpg"}}, {"model": "movies.actor", "pk": 1936, "fields": {"name": "Martin Balsam", "profile_path": "/2j4LJJfTPQtvnjp8LfSGOvWFATO.jpg"}}, {"model": "movies.actor", "pk": 2169, "fields": {"name": "Michael Jeter", "profile_path": "/pNBf8X56wCOHH7cArsMYJuke4fO.jpg"}}, {"model": "movies.actor", "pk": 2231, "fields": {"name": "Samuel L. Jackson", "profile_path": "/nCJJ3NVksYNxIzEHcyC1XziwPVj.jpg"}}, {"model": "movies.actor", "pk": 2282, "fields": {"name": "Ben Kingsley", "profile_path": "/vQtBqpF2HDdzbfXHDzR4u37i1Ac.jpg"}}, {"model": "movies.actor", "pk": 2319, "fields": {"name": "Maria de Medeiros", "profile_path": "/xDo5mRSKXUZRmcZjUn42ICiyyI8.jpg"}}, {"model": "movies.actor", "pk": 2505, "fields": {"name": "James Cromwell", "profile_path": "/vpNQQbM5PtxsYmVm4oh79SGFyUK.jpg"}}, {"model": "movies.actor", "pk": 2829, "fields": {"name": "Andrzej Seweryn", "profile_path": "/uYohJvqAai28Piqa0eEs6zAeFer.jpg"}}, {"model": "movies.actor", "pk": 3084, "fields": {"name": "Marlon Brando", "profile_path": "/fuTEPMsBtV1zE98ujPONbKiYDc2.jpg"}}, {"model": "movies.actor", "pk": 3085, "fields": {"name": "James Caan", "profile_path": "/bGyOCCOIgcIyKjOGLoXoyp0XWHf.jpg"}}, {"model": "movies.actor", "pk": 3086, "fields": {"name": "Richard S. Castellano", "profile_path": "/1vr75BdHWret81vuSJ3ugiCBkxw.jpg"}}, {"model": "movies.actor", "pk": 3087, "fields": {"name": "Robert Duvall", "profile_path": "/ybMmK25h4IVtfE7qrnlVp47RQlh.jpg"}}, {"model": "movies.actor", "pk": 3088, "fields": {"name": "Sterling Hayden", "profile_path": "/j1ExJbuBqBa6WEhPVW4J7YGFBWs.jpg"}}, {"model": "movies.actor", "pk": 3091, "fields": {"name": "Al Lettieri", "profile_path": "/fE5mEWPkkVJlCji0EoKht8PYw89.jpg"}}, {"model": "movies.actor", "pk": 3092, "fields": {"name": "Diane Keaton", "profile_path": "/7gEdH5vGwpUpogscTb2JivnoRBb.jpg"}}, {"model": "movies.actor", "pk": 3094, "fields": {"name": "Talia Shire", "profile_path": "/due9MtmbvCMDd1aNveuMyjsaZ8W.jpg"}}, {"model": "movies.actor", "pk": 3095, "fields": {"name": "Gianni Russo", "profile_path": "/5fjg2WPvuk1NvUpLyQ7aMJqOqy.jpg"}}, {"model": "movies.actor", "pk": 3129, "fields": {"name": "Tim Roth", "profile_path": "/qSizF2i9gz6c6DbAC5RoIq8sVqX.jpg"}}, {"model": "movies.actor", "pk": 3174, "fields": {"name": "Richard Bright", "profile_path": "/potMaJ2u5PRjXZb7qF9lSW1ldNZ.jpg"}}, {"model": "movies.actor", "pk": 3265, "fields": {"name": "Eli Wallach", "profile_path": "/880EvYjyIG9BcrM3Jfof0QofmRe.jpg"}}, {"model": "movies.actor", "pk": 3641, "fields": {"name": "Vaughn Taylor", "profile_path": "/qX7jGnLyveGDBRy9nRgzBJFMqTH.jpg"}}, {"model": "movies.actor", "pk": 3894, "fields": {"name": "Christian Bale", "profile_path": "/qCpZn2e3dimwbryLnqxZuI88PTi.jpg"}}, {"model": "movies.actor", "pk": 3895, "fields": {"name": "Michael Caine", "profile_path": "/hZruclwEPCKw3e83rnFSIH5sRFZ.jpg"}}, {"model": "movies.actor", "pk": 3896, "fields": {"name": "Liam Neeson", "profile_path": "/bboldwqSC6tdw2iL6631c98l2Mn.jpg"}}, {"model": "movies.actor", "pk": 4029, "fields": {"name": "Bob Gunton", "profile_path": "/rr2KDCKK4t0f5YhZibCpLCAsJxc.jpg"}}, {"model": "movies.actor", "pk": 4078, "fields": {"name": "Lee Van Cleef", "profile_path": "/prcDQR2pp0b92j0G8rnX5kQeQk0.jpg"}}, {"model": "movies.actor", "pk": 4512, "fields": {"name": "James Woods", "profile_path": "/tLH7mpH4KqkWL5VgjueTbewGsfK.jpg"}}, {"model": "movies.actor", "pk": 4513, "fields": {"name": "Elizabeth McGovern", "profile_path": "/ihYdCKyr3JPz74tPuvkn1WSNh9b.jpg"}}, {"model": "movies.actor", "pk": 4514, "fields": {"name": "Tuesday Weld", "profile_path": "/fxWpBUgmAJSSIUllJ9vAkTX9DhO.jpg"}}, {"model": "movies.actor", "pk": 4515, "fields": {"name": "Treat Williams", "profile_path": "/jbRMOU2K7ePg7Zs59nfgEYLeD1e.jpg"}}, {"model": "movies.actor", "pk": 4517, "fields": {"name": "Joe Pesci", "profile_path": "/4AO0Rwdg2ky8Usmgzgj0dvhy7Zw.jpg"}}, {"model": "movies.actor", "pk": 4521, "fields": {"name": "Burt Young", "profile_path": "/po3D7HKkMhoNkBMcIKpxjWzjoF.jpg"}}, {"model": "movies.actor", "pk": 4818, "fields": {"name": "Roberto Benigni", "profile_path": "/noelOhwX1oaNSvU9NLKhPrHTFI3.jpg"}}, {"model": "movies.actor", "pk": 5149, "fields": {"name": "Bonnie Hunt", "profile_path": "/tT9C6uLztgN8OxJULq6F9iEzqlA.jpg"}}, {"model": "movies.actor", "pk": 5170, "fields": {"name": "Mike Starr", "profile_path": "/hJGhV91dSUiFJ8GwGDTEEri79LX.jpg"}}, {"model": "movies.actor", "pk": 5469, "fields": {"name": "Ralph Fiennes", "profile_path": "/tJr9GcmGNHhLVVEH3i7QYbj6hBi.jpg"}}, {"model": "movies.actor", "pk": 5813, "fields": {"name": "Aldo Giuffrè", "profile_path": "/aT6eECl1R3YGYL4KatyIQrq0zG8.jpg"}}, {"model": "movies.actor", "pk": 5814, "fields": {"name": "Luigi Pistilli", "profile_path": "/bH5vmD2CMBHzJyBe0P0bL6iTUNL.jpg"}}, {"model": "movies.actor", "pk": 5815, "fields": {"name": "Rada Rassimov", "profile_path": "/xJhnSHn2vKp0MJ2KZaihrgqq0Mc.jpg"}}, {"model": "movies.actor", "pk": 5817, "fields": {"name": "Livio Lorenzon", "profile_path": "/9Ku8Y18FqFoyzu0LUdbEVR8vuV1.jpg"}}, {"model": "movies.actor", "pk": 5818, "fields": {"name": "Antonio Casale", "profile_path": ""}}, {"model": "movies.actor", "pk": 6161, "fields": {"name": "Jennifer Connelly", "profile_path": "/egh1eOHuYgeoqdlLQgaXMl6cPOm.jpg"}}, {"model": "movies.actor", "pk": 6368, "fields": {"name": "Embeth Davidtz", "profile_path": "/nwsdu9lOsKJ5v9RwOCc7kAiuxSO.jpg"}}, {"model": "movies.actor", "pk": 6383, "fields": {"name": "Aaron Eckhart", "profile_path": "/5EFQvRHlpP1Iaw2e6vjOaBny6DV.jpg"}}, {"model": "movies.actor", "pk": 6573, "fields": {"name": "William Sadler", "profile_path": "/xC9sijoDnjS3oDZ5eszcGKHKAOp.jpg"}}, {"model": "movies.actor", "pk": 6574, "fields": {"name": "Clancy Brown", "profile_path": "/uzkU71DkwwRyO7qxwD0A254PjAS.jpg"}}, {"model": "movies.actor", "pk": 6575, "fields": {"name": "Gil Bellows", "profile_path": "/eCOIv2nSGnWTHdn88NoMyNOKWyR.jpg"}}, {"model": "movies.actor", "pk": 6576, "fields": {"name": "Mark Rolston", "profile_path": "/hcrNRIptYMRXgkJ9k76BlQu6DQp.jpg"}}, {"model": "movies.actor", "pk": 6577, "fields": {"name": "James Whitmore", "profile_path": "/d1nOu22OvPzdwS8euWE0FNHwx8K.jpg"}}, {"model": "movies.actor", "pk": 6692, "fields": {"name": "Caroline Goodall", "profile_path": "/4cagGtMqACvkuw6Llq8Li8UJ1AR.jpg"}}, {"model": "movies.actor", "pk": 6693, "fields": {"name": "Jonathan Sagall", "profile_path": "/7gu7vtmJV066ohXNmBV1ya5D6Uq.jpg"}}, {"model": "movies.actor", "pk": 6694, "fields": {"name": "Malgorzata Gebel", "profile_path": "/svp3UfxWkJGuFWq5REZdwp8o91z.jpg"}}, {"model": "movies.actor", "pk": 6696, "fields": {"name": "Mark Ivanir", "profile_path": "/biVPUjq1BbX3YWpvXv5OZjEuJI0.jpg"}}, {"model": "movies.actor", "pk": 6697, "fields": {"name": "Béatrice Macola", "profile_path": "/dXdt4Ti4mbJilnsm0wtvwb13eny.jpg"}}, {"model": "movies.actor", "pk": 6751, "fields": {"name": "Siobhan Fallon Hogan", "profile_path": "/7rwlp39q1o3OpY44FcHOcIHLTcK.jpg"}}, {"model": "movies.actor", "pk": 6804, "fields": {"name": "Graham Greene", "profile_path": "/ubX9pwrzQqnR41gAGyY1GoSZr1G.jpg"}}, {"model": "movies.actor", "pk": 6806, "fields": {"name": "Doug Hutchison", "profile_path": "/1E4yWgUs2VQsr8MRBTFOusY44lm.jpg"}}, {"model": "movies.actor", "pk": 6807, "fields": {"name": "Sam Rockwell", "profile_path": "/vYpWxV0bnUgKo7SdasfGP9HttUq.jpg"}}, {"model": "movies.actor", "pk": 7004, "fields": {"name": "Paul Sorvino", "profile_path": "/4gDEo0wty5ixtrpV0U17PlHoFik.jpg"}}, {"model": "movies.actor", "pk": 7036, "fields": {"name": "Eric Stoltz", "profile_path": "/sP5tI3NVHrhmle5qotVz9q2mWfR.jpg"}}, {"model": "movies.actor", "pk": 7164, "fields": {"name": "Frank Vincent", "profile_path": "/ipLwnZMyi4HqpiOB5vwrktn331p.jpg"}}, {"model": "movies.actor", "pk": 7301, "fields": {"name": "Anthony Perkins", "profile_path": "/7FipKwmg2woHNvt5ATeXLBirHXs.jpg"}}, {"model": "movies.actor", "pk": 7302, "fields": {"name": "Janet Leigh", "profile_path": "/2dv9IqJEx31RSoH7xAHlJZXF5uB.jpg"}}, {"model": "movies.actor", "pk": 7303, "fields": {"name": "Vera Miles", "profile_path": "/9PDTsJnBfrAlvVPOBBFS3ehN8lD.jpg"}}, {"model": "movies.actor", "pk": 7304, "fields": {"name": "John Gavin", "profile_path": "/5zgJoiBHK9Y3AfiE1OAPZqPvzVw.jpg"}}, {"model": "movies.actor", "pk": 8891, "fields": {"name": "John Travolta", "profile_path": "/sHjkE7GZbKAa9aZeiKrEBhMDT14.jpg"}}, {"model": "movies.actor", "pk": 9235, "fields": {"name": "Nicoletta Braschi", "profile_path": "/i1BYJhg2V6PZEkCaMyYNLRqutmM.jpg"}}, {"model": "movies.actor", "pk": 9236, "fields": {"name": "Giorgio Cantarini", "profile_path": "/hzb7CRUnOitz31kQbgUqJpIPcLO.jpg"}}, {"model": "movies.actor", "pk": 9237, "fields": {"name": "Giustino Durano", "profile_path": "/o302wA8DHLHDLhTXOF5wEi3C99G.jpg"}}, {"model": "movies.actor", "pk": 9238, "fields": {"name": "Amerigo Fontani", "profile_path": "/uRQn3gGNPGQzG6XNli1b1TiEu6G.jpg"}}, {"model": "movies.actor", "pk": 9239, "fields": {"name": "Sergio Bini Bustric", "profile_path": "/crnlLn1SxP2LqbsXNr8CQrvaiNc.jpg"}}, {"model": "movies.actor", "pk": 9240, "fields": {"name": "Lidia Alfonsi", "profile_path": "/iR5CcEPuHaEeWSxVCHuf48IEw9C.jpg"}}, {"model": "movies.actor", "pk": 9241, "fields": {"name": "Pietro De Silva", "profile_path": "/tjP3YLGB3VNtqNgqGmLjZbJENzG.jpg"}}, {"model": "movies.actor", "pk": 9242, "fields": {"name": "Giuliana Lojodice", "profile_path": "/cACsY8JyWaR3WeX7w1D09YssXbq.jpg"}}, {"model": "movies.actor", "pk": 9243, "fields": {"name": "Francesco Guzzo", "profile_path": "/8HSTZitD85LIqOOhpTepILHyxW2.jpg"}}, {"model": "movies.actor", "pk": 9640, "fields": {"name": "Haley Joel Osment", "profile_path": "/jft0dGgR5bJ6mR7QRYriMVBC6QH.jpg"}}, {"model": "movies.actor", "pk": 9780, "fields": {"name": "Angela Bassett", "profile_path": "/7Oz53NKdglRzAzI2MKjM3eQXwn.jpg"}}, {"model": "movies.actor", "pk": 10182, "fields": {"name": "Ving Rhames", "profile_path": "/4gpLVNKPZlVucc4fT2fSZ7DksTK.jpg"}}, {"model": "movies.actor", "pk": 11477, "fields": {"name": "Ray Liotta", "profile_path": "/iXKotiB0Xe9iJLCBbjAedHPLb7p.jpg"}}, {"model": "movies.actor", "pk": 11478, "fields": {"name": "Lorraine Bracco", "profile_path": "/cmVcc09jfmoOqGLY595aBQu3IsP.jpg"}}, {"model": "movies.actor", "pk": 11479, "fields": {"name": "Chuck Low", "profile_path": "/zaw5Tyk2K6aawV13fQ4tSPdbEUp.jpg"}}, {"model": "movies.actor", "pk": 11480, "fields": {"name": "Frank Sivero", "profile_path": "/eqvhj0iNtcsN6EJhd21Goqi1DSq.jpg"}}, {"model": "movies.actor", "pk": 11482, "fields": {"name": "Tony Darrow", "profile_path": "/kc6cGKm2yYx5ekHo4zGizhMLBge.jpg"}}, {"model": "movies.actor", "pk": 12500, "fields": {"name": "Patricia Hitchcock", "profile_path": "/bgMYy4SJLFcFex91an1D593pBY9.jpg"}}, {"model": "movies.actor", "pk": 12645, "fields": {"name": "Jeffrey DeMunn", "profile_path": "/eSouAAduXaziFpqLw59AG55jtGY.jpg"}}, {"model": "movies.actor", "pk": 12834, "fields": {"name": "Barry Pepper", "profile_path": "/pmdNUqrpsoozh7QYqUgEgZQ69cA.jpg"}}, {"model": "movies.actor", "pk": 14063, "fields": {"name": "Simon Oakland", "profile_path": "/nA6CmjgGE6HKT2SGoQM87h5fu24.jpg"}}, {"model": "movies.actor", "pk": 17127, "fields": {"name": "Jeong Seok-yong", "profile_path": "/tyTSdGaVKotPmJXGNtz6fXoj8Tc.jpg"}}, {"model": "movies.actor", "pk": 18918, "fields": {"name": "Dwayne Johnson", "profile_path": "/cgoy7t5Ve075naBPcewZrc08qGw.jpg"}}, {"model": "movies.actor", "pk": 19587, "fields": {"name": "Rumi Hiiragi", "profile_path": "/zITaVtFyc4xSM3mxSoPRWHbqgJI.jpg"}}, {"model": "movies.actor", "pk": 19588, "fields": {"name": "Miyu Irino", "profile_path": "/dcZ4IJX8CBcJzxy8hhKFXv59LDE.jpg"}}, {"model": "movies.actor", "pk": 19589, "fields": {"name": "Mari Natsuki", "profile_path": "/aRs3dGqA2bCuGSZ7lJGhQKe8rhp.jpg"}}, {"model": "movies.actor", "pk": 19590, "fields": {"name": "Takashi Naito", "profile_path": "/zfs63NZKNG3Uy6WqqXSQWYMQXKZ.jpg"}}, {"model": "movies.actor", "pk": 19591, "fields": {"name": "Yasuko Sawaguchi", "profile_path": "/rWspusb13VeJowmctnniXYYTcqq.jpg"}}, {"model": "movies.actor", "pk": 19594, "fields": {"name": "Yumi Tamai", "profile_path": "/x9Td7e5F21cK9S1FCkobfqiJZ1c.jpg"}}, {"model": "movies.actor", "pk": 20030, "fields": {"name": "Jacques Perrin", "profile_path": "/5HRh3Ae5pbLB4sUgBz4Rzr9sSPJ.jpg"}}, {"model": "movies.actor", "pk": 20334, "fields": {"name": "Tsunehiko Kamijô", "profile_path": "/v2poQi0qYEWdTaMf2pVTWmcdwZp.jpg"}}, {"model": "movies.actor", "pk": 20738, "fields": {"name": "Song Kang-ho", "profile_path": "/dyWUKQlNyr7SUAjo58VZXvPODkr.jpg"}}, {"model": "movies.actor", "pk": 21316, "fields": {"name": "Nestor Carbonell", "profile_path": "/wAk4Me2INiNSpRvzU8K98743Uc1.jpg"}}, {"model": "movies.actor", "pk": 24366, "fields": {"name": "Philippe Noiret", "profile_path": "/mx5pGU2ZORswk0PnWnvh0dBR1qN.jpg"}}, {"model": "movies.actor", "pk": 25780, "fields": {"name": "Pupella Maggio", "profile_path": "/4UzmBdKw8e2x4iaCkDjZTZwsPsP.jpg"}}, {"model": "movies.actor", "pk": 27643, "fields": {"name": "Marco Leonardi", "profile_path": "/5VVhO9rPvRgKsZME2gZKtG9WgWD.jpg"}}, {"model": "movies.actor", "pk": 37821, "fields": {"name": "Michael Conner Humphreys", "profile_path": "/irYRs3COggVHg91jL3CrlCIWmnx.jpg"}}, {"model": "movies.actor", "pk": 37825, "fields": {"name": "Afemo Omilami", "profile_path": "/usW1GHq20ZEX3rpei1HpeXfSpiP.jpg"}}, {"model": "movies.actor", "pk": 52657, "fields": {"name": "Enzo Cannavale", "profile_path": "/qKTBcs4UEwBhZIeYBpVcDjZVJKg.jpg"}}, {"model": "movies.actor", "pk": 53010, "fields": {"name": "John McIntire", "profile_path": "/knjm7tflaLTysmynYUnvJgv5wIq.jpg"}}, {"model": "movies.actor", "pk": 53651, "fields": {"name": "Monique Gabriela Curnen", "profile_path": "/lJgLQs7cfM49m8VzVviwxIByz76.jpg"}}, {"model": "movies.actor", "pk": 57597, "fields": {"name": "Ron Dean", "profile_path": "/mgqdr4VFrTVZatkki2suNLYxeDG.jpg"}}, {"model": "movies.actor", "pk": 61981, "fields": {"name": "Michael Clarke Duncan", "profile_path": "/3RX8OBqt3gbvFwKYZqiom4O3Ta6.jpg"}}, {"model": "movies.actor", "pk": 68635, "fields": {"name": "Salvatore Cascio", "profile_path": "/6bg9xuVF0sOyZu0cCaDKSjOleOW.jpg"}}, {"model": "movies.actor", "pk": 70083, "fields": {"name": "Antonella Attili", "profile_path": "/7LkcUazq3D0F3oS7lVCRf10thMg.jpg"}}, {"model": "movies.actor", "pk": 78902, "fields": {"name": "Frank Albertson", "profile_path": "/18XWFVKqnj3erAkwMNnhQkqIqbD.jpg"}}, {"model": "movies.actor", "pk": 82104, "fields": {"name": "Danai Gurira", "profile_path": "/bCjz32aVpyufnPjzLPOtV5DEXKK.jpg"}}, {"model": "movies.actor", "pk": 83860, "fields": {"name": "Aldis Hodge", "profile_path": "/jPpnaAGFXaIeOrRNUHIHxk3fIJL.jpg"}}, {"model": "movies.actor", "pk": 87265, "fields": {"name": "Tenoch Huerta", "profile_path": "/5qoAmQpcPCjf4Pd6aTZOeINGYzk.jpg"}}, {"model": "movies.actor", "pk": 87932, "fields": {"name": "Renée Elise Goldsberry", "profile_path": "/p4Rjbr8ZpQ7l3qVCGvNqrLlPs4M.jpg"}}, {"model": "movies.actor", "pk": 89968, "fields": {"name": "Kazuhiko Inoue", "profile_path": "/kRndwjOOlNi84NqIGbnitpJCQ6k.jpg"}}, {"model": "movies.actor", "pk": 92119, "fields": {"name": "Larry Brandenburg", "profile_path": "/y13c1a4keaLnoTbi3dERwolQXWP.jpg"}}, {"model": "movies.actor", "pk": 115290, "fields": {"name": "Lee Sun-kyun", "profile_path": "/mwF2HgyEF2UzxSvNRJEtbWlKbAj.jpg"}}, {"model": "movies.actor", "pk": 119243, "fields": {"name": "Bunta Sugawara", "profile_path": "/lHPLlP8zNwGMmcUI8rGks5vp8Vn.jpg"}}, {"model": "movies.actor", "pk": 119992, "fields": {"name": "Leo Gullotta", "profile_path": "/wn9LQjKRZxrXm6a5zyfrLs71ChM.jpg"}}, {"model": "movies.actor", "pk": 120152, "fields": {"name": "Agnese Nano", "profile_path": "/g09lg3HnXUJrbiUAP1cbhwJBxQy.jpg"}}, {"model": "movies.actor", "pk": 139900, "fields": {"name": "Florence Kasumba", "profile_path": "/vivJLQhtwca5hupqoRRgL8BRs6o.jpg"}}, {"model": "movies.actor", "pk": 140335, "fields": {"name": "Kim You-jung", "profile_path": "/dqlafA1MFlJnZJutyT7trs4RpC4.jpg"}}, {"model": "movies.actor", "pk": 148447, "fields": {"name": "Sayaka Ohara", "profile_path": "/4WQXLzj0gjYqkYFcTTxAkIwedvr.jpg"}}, {"model": "movies.actor", "pk": 164945, "fields": {"name": "Sarah Shahi", "profile_path": "/shiLCJNyvi9xlUZw4bTuRkhrKpm.jpg"}}, {"model": "movies.actor", "pk": 204997, "fields": {"name": "Hanna Hall", "profile_path": "/tp01iBjHwvkv5e5Zfal9foXcfno.jpg"}}, {"model": "movies.actor", "pk": 219659, "fields": {"name": "Masaki Terasoma", "profile_path": "/eol7Ul4buAam9SmJDuFIWln0Cd3.jpg"}}, {"model": "movies.actor", "pk": 221611, "fields": {"name": "Jonathan Groff", "profile_path": "/3kmnYKAzSc3Lp7iK5pcj97Hx9Cm.jpg"}}, {"model": "movies.actor", "pk": 225730, "fields": {"name": "Ryunosuke Kamiki", "profile_path": "/6MwcfIUraHuKOmwjT4gX8BBB2T6.jpg"}}, {"model": "movies.actor", "pk": 240145, "fields": {"name": "Han Hyo-joo", "profile_path": "/4E7NuJsR7AnMYAefFSHkj4cftdf.jpg"}}, {"model": "movies.actor", "pk": 554612, "fields": {"name": "Akio Nakamura", "profile_path": "/z7GzSvEkb3vhA77FFS6JnkpEEbv.jpg"}}, {"model": "movies.actor", "pk": 556435, "fields": {"name": "Cho Yeo-jeong", "profile_path": "/n7YWOoquBL9g3qEwQ2zvrQSW96L.jpg"}}, {"model": "movies.actor", "pk": 935235, "fields": {"name": "Marwan Kenzari", "profile_path": "/66903sgNtyzHN0Mi3D88UYgbH86.jpg"}}, {"model": "movies.actor", "pk": 936275, "fields": {"name": "Aoi Yuki", "profile_path": "/4kHNZSUIux52UU2BD3H6b5c5ymZ.jpg"}}, {"model": "movies.actor", "pk": 1014911, "fields": {"name": "Isa Danieli", "profile_path": "/xUETwTcqaEdc4jEO5JzZBxbrGsA.jpg"}}, {"model": "movies.actor", "pk": 1077276, "fields": {"name": "Enzo Petito", "profile_path": ""}}, {"model": "movies.actor", "pk": 1077277, "fields": {"name": "Claudio Scarchilli", "profile_path": ""}}, {"model": "movies.actor", "pk": 1083010, "fields": {"name": "Letitia Wright", "profile_path": "/kfA5KhyU6OSy4NrMzHCxYU7A0DW.jpg"}}, {"model": "movies.actor", "pk": 1179651, "fields": {"name": "Lin-Manuel Miranda", "profile_path": "/r0wFwPa041pZ1QM66yJWuQXCkqx.jpg"}}, {"model": "movies.actor", "pk": 1210634, "fields": {"name": "Nobunaga Shimazaki", "profile_path": "/iJFlSanoNgJMP31qBGCT9HzxFbi.jpg"}}, {"model": "movies.actor", "pk": 1253353, "fields": {"name": "Noah Centineo", "profile_path": "/p1bcst401RyxfDGykx2iQLI7CV5.jpg"}}, {"model": "movies.actor", "pk": 1254614, "fields": {"name": "Leslie Odom Jr.", "profile_path": "/pDA11JMNAGQGJo7nRpZHp7pdp9N.jpg"}}, {"model": "movies.actor", "pk": 1255881, "fields": {"name": "Choi Woo-shik", "profile_path": "/bIdt6LrqMpGQtGTZ1gmji6eGzTH.jpg"}}, {"model": "movies.actor", "pk": 1267329, "fields": {"name": "Lupita Nyong'o", "profile_path": "/mJMpsADPpt0bmXEzs3ywrUiCkpD.jpg"}}, {"model": "movies.actor", "pk": 1291890, "fields": {"name": "Jasmine Cephas Jones", "profile_path": "/lT0BC4xmluVmjo3yIGxTqHPqa9p.jpg"}}, {"model": "movies.actor", "pk": 1293978, "fields": {"name": "Mo Amer", "profile_path": "/vA78SdELZxQCLt7BF3OOHMxlh87.jpg"}}, {"model": "movies.actor", "pk": 1307751, "fields": {"name": "Christopher Jackson", "profile_path": "/tPzdVCV8LsWvgVm0EYonuuzgt0H.jpg"}}, {"model": "movies.actor", "pk": 1324666, "fields": {"name": "Kaito Ishikawa", "profile_path": "/kLVhJYH73ust9ComUxGR63DOvxu.jpg"}}, {"model": "movies.actor", "pk": 1344919, "fields": {"name": "Kanon Tani", "profile_path": "/xY3JBxs6blBe2AvyS678bcs76Vc.jpg"}}, {"model": "movies.actor", "pk": 1368012, "fields": {"name": "Michaela Coel", "profile_path": "/rbN1F0R8DMUh6IYwl0owyD8LukN.jpg"}}, {"model": "movies.actor", "pk": 1369100, "fields": {"name": "Mone Kamishiraishi", "profile_path": "/9gewWa82e0tviXmBB94bJdcEAEW.jpg"}}, {"model": "movies.actor", "pk": 1418762, "fields": {"name": "Jung Ji-so", "profile_path": "/3Teyw2Fzww30MvuOa3qtShIB4kd.jpg"}}, {"model": "movies.actor", "pk": 1419065, "fields": {"name": "Okieriete Onaodowan", "profile_path": "/kxPzTxYuPInFY08o0H3KZahf7lX.jpg"}}, {"model": "movies.actor", "pk": 1442583, "fields": {"name": "Park So-dam", "profile_path": "/gaDnEiMD5PClT9ARg1bSFyexbor.jpg"}}, {"model": "movies.actor", "pk": 1447932, "fields": {"name": "Winston Duke", "profile_path": "/MhBiZbryibwuoEtPL9Ns8pYHC1.jpg"}}, {"model": "movies.actor", "pk": 1544084, "fields": {"name": "Kim Nam-joon", "profile_path": "/cJmaUOIuibsC0DPnUMStN4rfAwr.jpg"}}, {"model": "movies.actor", "pk": 1544086, "fields": {"name": "Min Yoon-gi", "profile_path": "/83xf9EkLK3k7CJSaXe3iVgBC6S3.jpg"}}, {"model": "movies.actor", "pk": 1544088, "fields": {"name": "Kim Seok-jin", "profile_path": "/cothCnRmZXC63olRZ816lZoGMDc.jpg"}}, {"model": "movies.actor", "pk": 1544090, "fields": {"name": "Jung Ho-seok", "profile_path": "/2xZu36Z6JFT95AIzazyRHW51dC1.jpg"}}, {"model": "movies.actor", "pk": 1544092, "fields": {"name": "Park Ji-min", "profile_path": "/ydSiyzoGcjvNLXwXm6dhIFxAewN.jpg"}}, {"model": "movies.actor", "pk": 1544093, "fields": {"name": "Kim Tae-hyung", "profile_path": "/jPCklfz8cAXfvRptmeNeYBa9Myf.jpg"}}, {"model": "movies.actor", "pk": 1544095, "fields": {"name": "Jeon Jung-kook", "profile_path": "/2O7wrPFZtdfNJ5w6LGlIri3Xd0.jpg"}}, {"model": "movies.actor", "pk": 1560244, "fields": {"name": "Anthony Ramos", "profile_path": "/2Stnm8PQI7xHkVwINb4MhS7LOuR.jpg"}}, {"model": "movies.actor", "pk": 1572354, "fields": {"name": "Lee Jung-eun", "profile_path": "/4r3K47UpSmzZ5t9cyTRRqRl9rdz.jpg"}}, {"model": "movies.actor", "pk": 1631814, "fields": {"name": "Phillipa Soo", "profile_path": "/1oKShCBjS2wxeAFqPuO2XSrpa5w.jpg"}}, {"model": "movies.actor", "pk": 1652371, "fields": {"name": "Daveed Diggs", "profile_path": "/codalhZzB4LvJTSGOnOyrTEsqsF.jpg"}}, {"model": "movies.actor", "pk": 1668610, "fields": {"name": "Ryo Narita", "profile_path": "/2EFimbwi4lf9B19cgu2bJaNJiVq.jpg"}}, {"model": "movies.actor", "pk": 1694435, "fields": {"name": "Park Myung-hoon", "profile_path": "/8IgD7YBQKi2K94RSCwXCCrKcQrA.jpg"}}, {"model": "movies.actor", "pk": 1745761, "fields": {"name": "Chen Siyu", "profile_path": ""}}, {"model": "movies.actor", "pk": 1806235, "fields": {"name": "Kim Sung-kyung", "profile_path": "/xsH2yoY7K2pWjQ5vIMetMrXenV2.jpg"}}, {"model": "movies.actor", "pk": 1853547, "fields": {"name": "Feng Sheng", "profile_path": "/1IB7v7KhJWfTTylZHhFXHw5SVFR.jpg"}}, {"model": "movies.actor", "pk": 1907244, "fields": {"name": "Shan Xin", "profile_path": "/d4ePSMPJLO1w773WGVQtC0EmJZA.jpg"}}, {"model": "movies.actor", "pk": 1983460, "fields": {"name": "Li Lu", "profile_path": "/u7tIyHnY99CNGSEqJSZN6x99oNA.jpg"}}, {"model": "movies.actor", "pk": 1998163, "fields": {"name": "Jeon Hye-won", "profile_path": "/iiLAT4wZ1DtPUPA0l8YH9MeXgQS.jpg"}}, {"model": "movies.actor", "pk": 2042690, "fields": {"name": "Quintessa Swindell", "profile_path": "/xKUFfFJR6o5Ka7AmetGMYjSmBGO.jpg"}}, {"model": "movies.actor", "pk": 2117890, "fields": {"name": "Byeon Woo-seok", "profile_path": "/zncWneej0zzw340EimyM39EWVvj.jpg"}}, {"model": "movies.actor", "pk": 2133996, "fields": {"name": "Dominique Thorne", "profile_path": "/tuLlp79SfYc4mLzzjdC2ekLI7qd.jpg"}}, {"model": "movies.actor", "pk": 2156556, "fields": {"name": "Mingyue Liu", "profile_path": ""}}, {"model": "movies.actor", "pk": 2156562, "fields": {"name": "Yeqiao Yan", "profile_path": "/b8tvMttp6YnaVV9hBn2codIHHSI.jpg"}}, {"model": "movies.actor", "pk": 2158882, "fields": {"name": "Jang Hye-jin", "profile_path": "/pZiQXSWwo9F4gncHfa1yw0CQjxk.jpg"}}, {"model": "movies.actor", "pk": 2196313, "fields": {"name": "Sheng Zhang", "profile_path": "/eIJttsUKPUNl2sozSWlBII4wOTQ.jpg"}}, {"model": "movies.actor", "pk": 2207399, "fields": {"name": "Hao Xianghai", "profile_path": "/ss16uKj0RNJ7G7oLKn4o2a7OqCq.jpg"}}, {"model": "movies.actor", "pk": 2207400, "fields": {"name": "Ning Yang", "profile_path": "/s4yMreEIfX0Qpdg94MUDwVd6hs5.jpg"}}, {"model": "movies.actor", "pk": 2213811, "fields": {"name": "Mabel Cadena", "profile_path": "/i7JL6cnvaLywKXN5rMCODztYKT4.jpg"}}, {"model": "movies.actor", "pk": 2306987, "fields": {"name": "Jung Hyeon-jun", "profile_path": "/vZadA6ip6V2kh0VZW9RwnLcYFgW.jpg"}}, {"model": "movies.actor", "pk": 2339317, "fields": {"name": "Yuntu Cao", "profile_path": "/8TCXuIPNPhmnEXDvBahnXgqbz58.jpg"}}, {"model": "movies.actor", "pk": 2377671, "fields": {"name": "Park Jung-woo", "profile_path": "/7euKnxnUz6HqjkAHsSLy2dsPvRg.jpg"}}, {"model": "movies.actor", "pk": 2426321, "fields": {"name": "Bodhi Sabongui", "profile_path": "/eSsi0SrWwp3TfXeUo7HfXqlROjG.jpg"}}, {"model": "movies.actor", "pk": 2430192, "fields": {"name": "James Cusati-Moyer", "profile_path": "/hzdNg0B4iyslssXP0FuYXIS3P7I.jpg"}}, {"model": "movies.actor", "pk": 3218480, "fields": {"name": "Roh Yoon-seo", "profile_path": "/A67wGhTozfav5saZ1Umi5f98Ezb.jpg"}}, {"model": "movies.actor", "pk": 3281025, "fields": {"name": "Kim Nu-rim", "profile_path": "/qGJjHHCeW0DcwpFvfDoERxmBulj.jpg"}}, {"model": "movies.actor", "pk": 3728650, "fields": {"name": "Yoon Yi-reh", "profile_path": "/uKrJzryFpP2UCUoaV93OgXLohRx.jpg"}}, {"model": "movies.genre", "pk": 12, "fields": {"name": "모험"}}, {"model": "movies.genre", "pk": 14, "fields": {"name": "판타지"}}, {"model": "movies.genre", "pk": 16, "fields": {"name": "애니메이션"}}, {"model": "movies.genre", "pk": 18, "fields": {"name": "드라마"}}, {"model": "movies.genre", "pk": 27, "fields": {"name": "공포"}}, {"model": "movies.genre", "pk": 28, "fields": {"name": "액션"}}, {"model": "movies.genre", "pk": 35, "fields": {"name": "코미디"}}, {"model": "movies.genre", "pk": 36, "fields": {"name": "역사"}}, {"model": "movies.genre", "pk": 37, "fields": {"name": "서부"}}, {"model": "movies.genre", "pk": 53, "fields": {"name": "스릴러"}}, {"model": "movies.genre", "pk": 80, "fields": {"name": "범죄"}}, {"model": "movies.genre", "pk": 99, "fields": {"name": "다큐멘터리"}}, {"model": "movies.genre", "pk": 878, "fields": {"name": "SF"}}, {"model": "movies.genre", "pk": 9648, "fields": {"name": "미스터리"}}, {"model": "movies.genre", "pk": 10402, "fields": {"name": "음악"}}, {"model": "movies.genre", "pk": 10749, "fields": {"name": "로맨스"}}, {"model": "movies.genre", "pk": 10751, "fields": {"name": "가족"}}, {"model": "movies.genre", "pk": 10752, "fields": {"name": "전쟁"}}, {"model": "movies.genre", "pk": 10770, "fields": {"name": "TV 영화"}}, {"model": "movies.movie", "pk": 13, "fields": {"title": "포레스트 검프", "release_date": "1994-06-23", "country": "United States of America", "vote_count": 23606, "vote_average": 8.481, "overview": "불편한 다리, 남들보다 조금 떨어지는 지능을 가진 포레스트 검프는 헌신적인 어머니의 보살핌과 첫사랑 제니와의 만남으로 편견과 괴롭힘 속에서도 따뜻한 마음을 지니고 성장한다. 또래들의 괴롭힘을 피해 도망치던 포레스트는 누구보다 빠르게 달릴 수 있는 자신의 재능을 깨닫는다. 그의 재능을 알아 본 대학에서 그를 미식축구 선수로 발탁하고, 졸업 후에도 뛰어난 신체능력으로 군에 들어가 무공훈장을 수여받는 등 탄탄한 인생 가도에 오르게 된 포레스트. 하지만 어머니가 병에 걸려 죽음을 맞이하고, 첫사랑 제니 역시 그의 곁을 떠나가며 다시 한 번 인생의 전환점을 맞이하게 되는데...", "poster_path": "/xdJxoq0dtkchOkUz5UVKuxn7a2V.jpg", "backdrop_path": "/67HggiWaP9ZLv5sPYmyRV37yAJM.jpg", "actors": [31, 32, 33, 34, 35, 6751, 9640, 37821, 37825, 204997], "genres": [18, 35, 10749], "directors": [24], "like_users": []}}, {"model": "movies.movie", "pk": 122, "fields": {"title": "반지의 제왕: 왕의 귀환", "release_date": "2003-12-01", "country": "New Zealand", "vote_count": 20537, "vote_average": 8.478, "overview": "사우론이 인간들의 마지막 요새인 곤도르를 향해 야욕을 드러내고 있는 한편, 아라곤은 쇠락해가고 있는 곤도르의 재건을 위해 왕위 계승을 신중하게 결정지어야만 하는 상황. 이제 중간대륙의 미래는 그의 어깨에 달려있는 것. 사우론이 이끄는 어둠의 군대와의 마지막 전투를 위해 간달프는 곤도르에 흩어져 있던 병사들을 모으고, 로한의 왕 세오덴에게 도움을 받기도 하지만 사우론의 군대에 비하면 열세를 면치 못한다. 그러나 그들은 중간대륙을 사우론의 야욕으로부터 지키려는 사명감과, 마지막 반지 운반자에게 임무를 끝낼 기회를 주기 위해 어둠의 군대를 향해 돌진하게 되는데...", "poster_path": "/tAXXuEAKLk2mOEIJzwajJQEnVZu.jpg", "backdrop_path": "/lXhgCODAbBXL5buk9yEmTpOoOgR.jpg", "actors": [109, 110, 112, 113, 655, 882, 1327, 1328, 1329, 1369], "genres": [12, 14, 28], "directors": [108], "like_users": [1]}}, {"model": "movies.movie", "pk": 129, "fields": {"title": "센과 치히로의 행방불명", "release_date": "2001-07-20", "country": "Japan", "vote_count": 13556, "vote_average": 8.543, "overview": "평범한 열 살 짜리 소녀 치히로 식구는 이사 가던 중 길을 잘못 들어 낡은 터널을 지나가게 된다. 터널 저편엔 폐허가 된 놀이공원이 있었고 그곳엔 이상한 기운이 흘렀다. 인기척 하나 없는 이 마을의 낯선 분위기에 불길한 기운을 느낀 치히로는 부모님에게 돌아가자고 조르지만 부모님은 호기심에 들떠 마을 곳곳을 돌아다니기 시작한다. 어느 음식점에 도착한 치히로의 부모님은 그 곳에 차려진 음식들을 보고 즐거워하며 허겁지겁 먹어대다가 돼지로 변해버린다. 겁에 질려 당황하는 치히로에게 낯선 소년 하쿠가 나타나 빨리 이곳을 나가라고 소리치는데...", "poster_path": "/u1L4qxIu5sC2P082uMHYt7Ifvnj.jpg", "backdrop_path": "/Ab8mkHmkYADjU7wQiOkia9BzGvS.jpg", "actors": [19587, 19588, 19589, 19590, 19591, 19594, 20334, 119243, 225730, 554612], "genres": [14, 16, 10751], "directors": [608], "like_users": [1, 3]}}, {"model": "movies.movie", "pk": 155, "fields": {"title": "다크 나이트", "release_date": "2008-07-14", "country": "United Kingdom", "vote_count": 28583, "vote_average": 8.503, "overview": "범죄와 부정부패를 제거하여 고담시를 지키려는 배트맨. 그는 짐 고든 형사와 패기 넘치는 고담시 지방 검사 하비 덴트와 함께 도시를 범죄 조직으로부터 영원히 구원하고자 한다. 세 명의 의기투합으로 위기에 처한 악당들이 모인 자리에 보라색 양복을 입고 얼굴에 짙게 화장을 한 괴이한 존재가 나타나 배트맨을 죽이자는 사상 초유의 제안을 한다. 그는 바로 어떠한 룰도, 목적도 없는 사상 최악의 악당 미치광이 살인광대 조커. 배트맨을 죽이고 고담시를 끝장내버리기 위한 조커의 광기 어린 행각에 도시는 혼란에 빠지는데...", "poster_path": "/f6dNinWX8rBM79JXKcShkfSh2oA.jpg", "backdrop_path": "/nMKdUUepR0i5zn0y1T4CsSB5chy.jpg", "actors": [64, 192, 1579, 1810, 3894, 3895, 6383, 21316, 53651, 57597], "genres": [18, 28, 53, 80], "directors": [525], "like_users": []}}, {"model": "movies.movie", "pk": 238, "fields": {"title": "대부", "release_date": "1972-03-14", "country": "United States of America", "vote_count": 16912, "vote_average": 8.715, "overview": "시실리에서 이민온 뒤, 정치권까지 영향력을 미치는 거물로 자리잡은 돈 꼴레오네는 갖가지 고민을 호소하는 사람들의 문제를 해결해주며 대부라 불리운다. 한편 솔로소라는 인물은 꼴레오네가와 라이벌인 탓타리아 패밀리와 손잡고 새로운 마약 사업을 제안한다. 돈 꼴레오네가 마약 사업에 참여하지 않기로 하자, 돈 꼴레오네를 저격해 그는 중상을 입고 사경을 헤매게 된다. 그 뒤, 돈 꼴레오네의 아들 소니는 조직력을 총 동원해 다른 패밀리들과 피를 부르는 전쟁을 시작하는데... 가족의 사업과 상관없이 대학에 진학한 뒤 인텔리로 지내왔던 막내 아들 마이클은 아버지가 총격을 당한 뒤, 아버지를 구하기 위해 위험천만한 협상 자리에 나선다.", "poster_path": "/cOwVs8eYA4G9ZQs7hIRSoiZr46Q.jpg", "backdrop_path": "/rSPw7tgCH9c6NqICZef4kZjFOQ5.jpg", "actors": [1158, 3084, 3085, 3086, 3087, 3088, 3091, 3092, 3094, 3095], "genres": [18, 80], "directors": [1776], "like_users": []}}, {"model": "movies.movie", "pk": 278, "fields": {"title": "쇼생크 탈출", "release_date": "1994-09-23", "country": "United States of America", "vote_count": 22659, "vote_average": 8.7, "overview": "촉망받는 은행 간부 앤디 듀프레인은 아내와 그녀의 정부를 살해했다는 누명을 쓴다. 주변의 증언과 살해 현장의 그럴듯한 증거들로 그는 종신형을 선고받고 악질범들만 수용한다는 지옥같은 교도소 쇼생크로 향한다. 인간 말종 쓰레기들만 모인 그곳에서 그는 이루 말할 수 없는 억압과 짐승보다 못한 취급을 당한다. 그러던 어느 날, 간수의 세금을 면제받게 해 준 덕분에 그는 일약 교도소의 비공식 회계사로 일하게 된다. 그 와중에 교도소 소장은 죄수들을 이리저리 부리면서 검은 돈을 긁어 모으고 앤디는 이 돈을 세탁하여 불려주면서 그의 돈을 관리하는데...", "poster_path": "/oAt6OtpwYCdJI76AVtVKW1eorYx.jpg", "backdrop_path": "/kXfqcdQKsToO0OUXHcrrNCHDBzO.jpg", "actors": [192, 504, 4029, 6573, 6574, 6575, 6576, 6577, 12645, 92119], "genres": [18, 80], "directors": [4027], "like_users": []}}, {"model": "movies.movie", "pk": 311, "fields": {"title": "원스 어폰 어 타임 인 아메리카", "release_date": "1984-05-23", "country": "United States of America", "vote_count": 4421, "vote_average": 8.443, "overview": "1921년, 좀도둑질을 일삼던 누들스는 친구들과 함께 밀수품 운반 일을 하며 돈을 벌어들인다. 누들스 무리에 위협을 느낀 벅시는 누들스의 친구를 죽이고, 분노한 누들스는 벅시를 살해한 후 감옥에 들어가게 된다. 1932년, 출소한 누들스는 어린 시절 첫사랑 데보라와 밀주 사업으로 크게 성공한 맥스를 다시 만나지만, 금주법 철폐로 밀주 사업도 위기를 맞는다. 맥스는 누들스에게 연방준비은행을 털 것을 제안하지만 누들스는 거절한다. 1968년, 베일리 재단 파티에 초대 받은 누들스는 재단 창립 기념 사진 속에서 데보라를 발견하고 그녀를 찾아가는데...", "poster_path": "/xbuc6sjIIopkA1Ep24rR6yCw0DK.jpg", "backdrop_path": "/uPYa165sraN2c8gZBM9C47g3JoU.jpg", "actors": [380, 1004, 3174, 4512, 4513, 4514, 4515, 4517, 4521, 6161], "genres": [18, 80], "directors": [4385], "like_users": []}}, {"model": "movies.movie", "pk": 424, "fields": {"title": "쉰들러 리스트", "release_date": "1993-12-15", "country": "United States of America", "vote_count": 13447, "vote_average": 8.565, "overview": "2차 세계대전 당시 독일군이 점령한 폴란드. 시류에 맞춰 자신의 성공을 추구하는 기회주의자 쉰들러는 유태인이 경영하는 그릇 공장을 인수한다. 그는 공장을 인수하기 위해 나찌 당원이 되고 독일군에게 뇌물을 바치는 등 갖은 방법을 동원한다. 그러나 냉혹한 기회주의자였던 쉰들러는 유태인 회계사인 스턴과 친분을 맺으면서 냉혹한 유태인 학살에 대한 양심의 소리를 듣기 시작한다. 마침내 그는 강제 수용소로 끌려가 죽음을 맞게될 유태인들을 구해내기로 결심하고, 독일군 장교에게 빼내는 사람 숫자대로 뇌물을 주는 방법으로 유태인들을 구해내려는 계획을 세우는데...", "poster_path": "/oyyUcGwLX7LTFS1pQbLrQpyzIyt.jpg", "backdrop_path": "/zb6fM1CX41D9rF9hdgclu0peUmy.jpg", "actors": [2282, 2829, 3896, 5469, 6368, 6692, 6693, 6694, 6696, 6697], "genres": [18, 36, 10752], "directors": [488], "like_users": []}}, {"model": "movies.movie", "pk": 429, "fields": {"title": "석양의 무법자", "release_date": "1966-12-23", "country": "United States of America", "vote_count": 6974, "vote_average": 8.487, "overview": "미국의 남북전쟁이 한창인 때, 블론디는 멕시코인 총잡이 투코와 함께 동업 중이다. 블론디는 현상범 투코를 잡아 현상금을 받고, 투코가 교수형을 당하는 순간 구해주는 역할. 한편 세텐자라 불리우는 범죄자는 엄청나 돈이 묻힌 비밀장소를 추적 중이다. 그런데, 투코와 실랑이를 벌이던 블론디는 돈이 묻힌 장소를 죽어가는 사람에게 듣게 되고, 결국 둘은 돈을 찾아 나서는데...", "poster_path": "/sOTQkPoEZd7ImsZBuXfu4BqZ6JS.jpg", "backdrop_path": "/x4biAVdPVCghBlsVIzB6NmbghIz.jpg", "actors": [190, 3265, 4078, 5813, 5814, 5815, 5817, 5818, 1077276, 1077277], "genres": [37], "directors": [4385], "like_users": []}}, {"model": "movies.movie", "pk": 497, "fields": {"title": "그린 마일", "release_date": "1999-12-10", "country": "United States of America", "vote_count": 14628, "vote_average": 8.51, "overview": "미국 루이지애나의 콜드 마운틴 교도소. 폴은 사형수 감방의 간수장으로 일하고 있다. 그의 일은 사형수들을 감독하고, 그린 마일이라 불리는 초록색 복도를 거쳐 그들을 사형 집행장까지 안내하는 것. 폴은 그들이 죽음을 맞이하는 순간까지 평화롭게 지낼 수 있도록 최선을 다한다. 어느 날 존 커피라는 사형수가 이송되어 온다. 그는 쌍둥이 여자아이를 살해한 흉악범. 하지만 순진한 눈망울에 겁을 잔뜩 집어먹은 그의 모습에 폴은 당혹감을 느낀다. 게다가 그는 초자연적 능력으로 폴의 지병을 깨끗하게 치료해주기까지 한다. 존을 전기 의자로 데려가야 할 날이 다가오면서 폴은 그가 무죄라는 확신을 갖게 되는데...", "poster_path": "/yuSpRhrTIJa5JN8oESrfD2bndp1.jpg", "backdrop_path": "/l6hQWH9eDksNJNiXWYRkWqikOdu.jpg", "actors": [31, 52, 2169, 2505, 5149, 6804, 6806, 6807, 12834, 61981], "genres": [14, 18, 80], "directors": [4027], "like_users": []}}, {"model": "movies.movie", "pk": 539, "fields": {"title": "싸이코", "release_date": "1960-06-22", "country": "United States of America", "vote_count": 8566, "vote_average": 8.444, "overview": "마리온 크레인은 그녀의 애인 샘과 결혼하길 원하지만 샘은 빚을 갚을 때까지 기다리라고 말한다. 그래서 그녀는 자신이 다니고 있는 회사 사장이 은행에 입금하라고 맡긴 돈을 들고 도망친다. 도주 첫날 밤 묵게 된 도로변의 낡은 모텔 주인인 노만 베이츠는 그녀에게 친절하게 대해주며 자신은 모텔 바로 뒤쪽 저택에서 몸이 불편한 어머니와 함께 살고 있다고 말한다. 잠자리에 들기 전 마리온이 샤워를 하는 도중, 난데없이 검은 형상이 욕실에 나타나고 마리온은 실종된다. 마리온을 찾기 위해 그녀의 언니 릴라와 샘, 그리고 보험회사 측에서 고용한 탐정 등 세 사람이 추적에 나서는데...", "poster_path": "/vC3P8hH4r3I3fHiRFa1kj6yzeaN.jpg", "backdrop_path": "/uif5fUshJrXyyDzfpzp1DLw3N0S.jpg", "actors": [1936, 3641, 7301, 7302, 7303, 7304, 12500, 14063, 53010, 78902], "genres": [18, 27, 53], "directors": [2636], "like_users": []}}, {"model": "movies.movie", "pk": 637, "fields": {"title": "인생은 아름다워", "release_date": "1997-12-20", "country": "Italy", "vote_count": 11452, "vote_average": 8.455, "overview": "로마에 갓 상경한 시골 총각 귀도는 운명처럼 만난 여인 도라에게 첫눈에 반한다. 넘치는 재치와 유머로 약혼자가 있던 그녀를 사로잡은 귀도는 가정을 꾸리며 분신과도 같은 아들 조수아를 얻는다. 조수아의 다섯 살 생일, 갑작스레 들이닥친 군인들은 귀도와 조수아를 수용소 행 기차에 실어버리고, 소식을 들은 도라 역시 기차에 따라 오른다. 귀도는 아들을 달래기 위해 무자비한 수용소 생활을 단체게임이라 속이고 1,000점을 따는 우승자에게는 진짜 탱크가 주어진다고 말한다. 하루하루가 지나 어느덧 전쟁이 끝났다는 말을 들은 귀도는 조수아를 창고에 숨겨둔 채 아내를 찾아 나서는데...", "poster_path": "/yjOqQsQHdsEZfAosZERqHiwjaty.jpg", "backdrop_path": "/gavyCu1UaTaTNPsVaGXT6pe5u24.jpg", "actors": [4818, 9235, 9236, 9237, 9238, 9239, 9240, 9241, 9242, 9243], "genres": [18, 35], "directors": [4818], "like_users": []}}, {"model": "movies.movie", "pk": 680, "fields": {"title": "펄프 픽션", "release_date": "1994-09-10", "country": "United States of America", "vote_count": 24062, "vote_average": 8.492, "overview": "펌프킨와 허니 버니가 레스토랑에서 강도 행각을 벌이기 시작한다. 빈센트와 그 동료 쥴스는 두목의 금가방을 찾기 위해 다른 건달이 사는 아파트를 찾아간다. 마르셀러스는 부치에게 돈을 주며 상대 선수에게 져 주라고 하지만 부치는 상대 선수를 때려 눕히고 도망치다, 어릴 때 아버지에게 물려받은 시계를 찾기 위해 아파트로 향한다. 아무런 상관 없이 보이는 이 사건들이 서로 얽히고 섥히면서 예상치 못한 인과관계가 만들어지는데...", "poster_path": "/6lXRHGoEbnnBUKsuqpL9JxD4DzT.jpg", "backdrop_path": "/suaEOtk1N1sgg2MTM7oZd2cfVp3.jpg", "actors": [62, 99, 139, 1037, 2231, 2319, 3129, 7036, 8891, 10182], "genres": [53, 80], "directors": [138], "like_users": []}}, {"model": "movies.movie", "pk": 769, "fields": {"title": "좋은 친구들", "release_date": "1990-09-12", "country": "United States of America", "vote_count": 10670, "vote_average": 8.465, "overview": "아일랜드계 이탈리아인 헨리 힐와 토미는 13살에 마피아에 입문해 지미와 함께 트럭이나 공항 화물을 훔치는 일을 한다. 결혼 후에도 마피아 생활을 계속하는 헨리는 이제 조직에서도 안정된 위치와 경제적 여유를 갖는다.  어느 날 헨리와 지미는 공항터미널 사건을 모의해 현금 6백만 달러라는 엄청한 돈을 훔친다. 이 사건을 은폐하기 위해 혈안이 된 지미는 모의에 참여했던 사람들을 죽이고, 토미는 마피아 조직에 가담했다가 살해당한다. 엎친데 덮친격으로 헨리마저 마약거래로 경찰서에 잡혀 들어가는데...", "poster_path": "/zF9hSBS1t7PVFLo01GrJ3OjGi67.jpg", "backdrop_path": "/sw7mordbZxgITU877yTpZCud90M.jpg", "actors": [380, 4517, 5170, 7004, 7164, 11477, 11478, 11479, 11480, 11482], "genres": [18, 80], "directors": [1032], "like_users": []}}, {"model": "movies.movie", "pk": 11216, "fields": {"title": "시네마 천국", "release_date": "1988-11-17", "country": "France", "vote_count": 3515, "vote_average": 8.458, "overview": "어린 시절 영화가 세상의 전부였던 소년 토토는 학교 수업을 마치면 마을 광장에 있는 낡은 시네마 천국이라는 극장으로 달려가 영사 기사 알프레도와 친구로 지내며 어깨너머로 영사기술을 배운다. 어느 날 관객들을 위해 광장에서 야외 상영을 해주던 알프레도가 그만 화재 사고로 실명하게 되고, 토토가 그의 뒤를 이어 시네마 천국의 영상기사로 일하게 된다. 실명한 후에도 토토의 친구이자 아버지로 든든한 정신적 지주가 되어준 알프레도는 청년이 된 토토가 사랑하는 여자 엘레나의 부모님의 반대로 좌절하자 넓은 세상으로 나가서 더 많은 것을 배우라며 권유하는데...", "poster_path": "/r782z4H7GzkyNaf3hAtBB4pVkOj.jpg", "backdrop_path": "/zoVeIgKzGJzpdG6Gwnr7iOYfIMU.jpg", "actors": [20030, 24366, 25780, 27643, 52657, 68635, 70083, 119992, 120152, 1014911], "genres": [18, 10749], "directors": [65314], "like_users": []}}, {"model": "movies.movie", "pk": 372058, "fields": {"title": "너의 이름은", "release_date": "2016-08-26", "country": "Japan", "vote_count": 9227, "vote_average": 8.526, "overview": "시골에 사는 소녀 미츠하(가미시라이시 모네)는 어느 날 잠에서 깬 후 자신의 몸이 남자로 바뀐 걸 알게 된다. 같은 시간, 도쿄에 사는 소년 타키(가미키 류노스케) 역시 이 기이한 상황을 겪고 있다. 낯선 가족, 낯선 친구들, 낯선 풍경들... 서로에게 이어진 끈을 알게 된 둘은 둘만의 규칙을 정하고 점차 상황을 받아들이기 시작한다. 서로에게 남긴 메모를 확인하며  점점 친구가 되어가는 타키와 미츠하. 언제부턴가 더 이상 몸이 바뀌지 않자  자신들이 특별하게 이어져있었음을 깨달은  타키는 미츠하를 만나러 가는데...", "poster_path": "/wx1Dxr4UyvN18SyC5GsVWWWtYja.jpg", "backdrop_path": "/mMtUybQ6hL24FXo0F3Z4j2KG7kZ.jpg", "actors": [89968, 148447, 219659, 225730, 936275, 1210634, 1324666, 1344919, 1369100, 1668610], "genres": [16, 18, 10749], "directors": [74091], "like_users": []}}, {"model": "movies.movie", "pk": 436270, "fields": {"title": "블랙 아담", "release_date": "2022-10-19", "country": "United States of America", "vote_count": 1209, "vote_average": 6.846, "overview": "기원전 가장 번성하고 위대한 고대 국가였지만 현재는 국제 군사 조직 인터갱의 독재 국가로 전락한 칸다크. 인터갱의 눈을 피해 고대 유물을 찾던 '아드리아나'는 우연히 5000년 동안 잠들어 있던 '블랙 아담'을 깨우게 된다.  엄청난 괴력과 스피드, 방탄 능력과 자유자재의 고공비행, 번개를 쏘는 능력까지. 온몸이 무기인 '블랙 아담'은 자신의 앞을 막아서는 인터갱들을 모조리 쓸어버리고 칸다크 국민들은 이에 열광한다. 한편, 그의 폭주를 막기 위해 호크맨, 닥터 페이트, 아톰 스매셔, 사이클론으로 구성된 히어로 군단 '저스티스 소사이어티'가 칸다크에 나타나는데...", "poster_path": "/mEdMHGy1FfCUc7PskFO0tibm8jp.jpg", "backdrop_path": "/bQXAqRx2Fgc46uCVWgoPz5L5Dtr.jpg", "actors": [517, 18918, 83860, 164945, 935235, 1253353, 1293978, 2042690, 2426321, 2430192], "genres": [14, 28, 878], "directors": [59521], "like_users": []}}, {"model": "movies.movie", "pk": 496243, "fields": {"title": "기생충", "release_date": "2019-05-30", "country": "South Korea", "vote_count": 14707, "vote_average": 8.517, "overview": "전원 백수로 살 길 막막하지만 사이는 좋은 기택 가족. 장남 기우에게 명문대생 친구가 연결시켜 준 고액 과외 자리는 모처럼 싹튼 고정수입의 희망이다. 온 가족의 도움과 기대 속에 박 사장 집으로 향하는 기우. 글로벌 IT기업의 CEO인 박 사장의 저택에 도착하자 젊고 아름다운 사모님 연교와 가정부 문광이 기우를 맞이한다. 큰 문제 없이 박 사장의 딸 다혜의 과외를 시작한 기우. 그러나 이렇게 시작된 두 가족의 만남 뒤로, 걷잡을 수 없는 사건이 기다리고  있는데.....", "poster_path": "/jjHccoFjbqlfr4VGLVLT7yek0Xn.jpg", "backdrop_path": "/TU9NIjwzjoKPwQHoHshkFcQUCG.jpg", "actors": [20738, 115290, 556435, 1255881, 1418762, 1442583, 1572354, 1694435, 2158882, 2306987], "genres": [18, 35, 53], "directors": [21684], "like_users": []}}, {"model": "movies.movie", "pk": 505642, "fields": {"title": "블랙 팬서: 와칸다 포에버", "release_date": "2022-11-09", "country": "United States of America", "vote_count": 826, "vote_average": 7.507, "overview": "국왕이자 블랙 팬서인 티찰라의 죽음 이후 수많은 강대국으로부터 위협을 받게 된 와칸다. 라몬다, 슈리 그리고 나키아, 오코예, 음바쿠는 각자 사명감을 갖고 와칸다를 지키기 위해 외로운 싸움을 이어간다. 한편, 비브라늄의 패권을 둘러싼 미스터리한 음모와 함께 깊은 해저에서 모습을 드러낸 최강의 적 네이머와 탈로칸의 전사들은 와칸다를 향해 무차별 공격을 퍼붓기 시작하는데…", "poster_path": "/3PCRWLeqp5y20k6XVzcamZR3BWF.jpg", "backdrop_path": "/yYrvN5WFeGYjJnRzhY0QXuo4Isw.jpg", "actors": [9780, 82104, 87265, 139900, 1083010, 1267329, 1368012, 1447932, 2133996, 2213811], "genres": [12, 28, 878], "directors": [1056121], "like_users": []}}, {"model": "movies.movie", "pk": 553512, "fields": {"title": "번 더 스테이지: 더 무비", "release_date": "2018-11-15", "country": "South Korea", "vote_count": 371, "vote_average": 8.495, "overview": "19개 도시, 40회의 공연, 55만석 날개를 펼친 소년들의 역사. 성공적인 월드 투어로 마무리된 ‘2017 방탄소년단 라이브 트릴로지 에피소드3 윙스 투어(2017 BTS LIVE TRILOGY EPOSODE III THE WINGS TOUR)’를 가장 가까이에서 담아낸 방탄소년단의 첫 번째 영화! 지금, 우리  함께 빛나는 청춘의 순간이 스크린에 펼쳐진다.", "poster_path": "/pJKy1yvnKh8UjcuYeG3Rt35xHFA.jpg", "backdrop_path": "/aQ7444JX7gefPhGJTlvilj3zG2S.jpg", "actors": [1544084, 1544086, 1544088, 1544090, 1544092, 1544093, 1544095], "genres": [10402], "directors": [2042738], "like_users": []}}, {"model": "movies.movie", "pk": 556574, "fields": {"title": "해밀턴", "release_date": "2020-07-03", "country": "United States of America", "vote_count": 1039, "vote_average": 8.3, "overview": "1776년 미국, 훗날 미국 건국의 주역이 되는 알렉산더 해밀턴은 혁명 전야의 뉴욕에 도착하고, 그곳에서 처음으로 애런 버를 만난다. 해밀턴은 버가 자신과 마찬가지로 부모를 어린 나이에 잃었고 대학을 2년만에 졸업한 엄청난 능력의 소유자 임을 알고 유대감을 느낀다. 한편 버의 친구들인 존 로렌스, 허큘리스 멀리건, 그리고 라파예트 후작은 해밀턴의 열정과 추진력에 이끌리고, 혁명을 위해 뜻을 같이 할 것을 다짐한다. 곧이어 영국 국왕 조지 3세가 군대를 파병하며 본격적인 전쟁이 시작되고,  미국군 총사령관 조지 워싱턴은 병사의 사기가 떨어질대로 떨어지고 무기와 전략 모든 면에서 밀리는 상황에 참모가 필요함을 느낀다. 이때 버가 나서 오른팔이 되기를 청하지만, 워싱턴은 그 대신 해밀턴을 택하는데...", "poster_path": "/h1B7tW0t399VDjAcWJh8m87469b.jpg", "backdrop_path": "/uWVkEo9PWHu9algZsiLPi6sRU64.jpg", "actors": [87932, 221611, 1179651, 1254614, 1291890, 1307751, 1419065, 1560244, 1631814, 1652371], "genres": [18, 36], "directors": [1485823], "like_users": []}}, {"model": "movies.movie", "pk": 620249, "fields": {"title": "나소흑전기: 첫만남편", "release_date": "2019-08-27", "country": "China", "vote_count": 208, "vote_average": 8.572, "overview": "숲속의 집을 잃고 홀로 떠돌던 검은 고양이 요정 ‘소흑’은 도시 뒷골목에서 미스터리한 능력의 요정 ‘풍식’을 만나 위기를 모면한다. ‘풍식’의 무리와 버려진 섬에서 행복한 시간을 보내는 ‘소흑’. 그러던 중 최강 능력의 집행자 ‘무한’이 ‘풍식’을 쫓아 섬에 오자 ‘풍식’ 일행은 달아나고, ‘소흑’만 남게 된다.  홀로 남은 ‘소흑’을 요정들의 회관으로 데려가려는 ‘무한’과 ‘무한’을 무서운 인간이라 여겨 도망치려는 ‘소흑’. 둘은 여정 속에서 점점 마음을 열게 되고, ‘무한’은 ‘소흑’에게 특별한 능력이 있음을 알게 된다.", "poster_path": "/nDieZR47cirx44UZxKQsCbRGYqW.jpg", "backdrop_path": "/aVFx1VtlOxR3v0ADEatalXOvwbu.jpg", "actors": [1745761, 1853547, 1907244, 1983460, 2156556, 2156562, 2196313, 2207399, 2207400, 2339317], "genres": [14, 16, 28], "directors": [2377386], "like_users": []}}, {"model": "movies.movie", "pk": 851644, "fields": {"title": "20세기 소녀", "release_date": "2022-10-06", "country": "South Korea", "vote_count": 243, "vote_average": 8.774, "overview": "보라의 둘도 없는 친구 연두는 심장 수술을 위해 미국에 가면서 자신이 좋아하는 남자 백현진에 대한 모든 정보를 수집해 달라고 보라에게 부탁한다. 보라는 백현진의 가장 친한 친구 풍운호와 먼저 친해지기로 한다. 하지만 보라의 서투른 계획은 예상치 못한 방향으로 전개된다. 새로운 세기가 오기 1년 전인 1999년, 17세가 된 보라는 첫사랑의 열병에 빠진다.", "poster_path": "/xM9Jt2sA6QcvLuHKM0RI3BMtFc5.jpg", "backdrop_path": "/rl7Jw8PjhSIjArOlDNv0JQPL1ZV.jpg", "actors": [17127, 140335, 240145, 1806235, 1998163, 2117890, 2377671, 3218480, 3281025, 3728650], "genres": [18, 10749], "directors": [2378215], "like_users": []}}, {"model": "movies.review", "pk": 26, "fields": {"movie": 129, "user": 1, "content": "ㄱㄱ", "vote": 3, "created_at": "2022-11-19T02:22:28.911Z"}}, {"model": "movies.review", "pk": 31, "fields": {"movie": 129, "user": 3, "content": "fffff", "vote": 5, "created_at": "2022-11-19T10:53:28.727Z"}}, {"model": "movies.review", "pk": 32, "fields": {"movie": 122, "user": 1, "content": "쵝오", "vote": 4, "created_at": "2022-11-20T02:56:13.678Z"}}, {"model": "movies.nowmovie", "pk": 436270, "fields": {"title": "블랙 아담", "vote_average": 6.8, "poster_path": "/mEdMHGy1FfCUc7PskFO0tibm8jp.jpg"}}, {"model": "movies.nowmovie", "pk": 505642, "fields": {"title": "블랙 팬서: 와칸다 포에버", "vote_average": 7.5, "poster_path": "/3PCRWLeqp5y20k6XVzcamZR3BWF.jpg"}}, {"model": "movies.nowmovie", "pk": 541134, "fields": {"title": "그 남자, 좋은 간호사", "vote_average": 7.0, "poster_path": "/cC1wNkQpvdkQPqmY5Io9HzglrlB.jpg"}}, {"model": "movies.nowmovie", "pk": 588921, "fields": {"title": "아인보: 아마존의 전설", "vote_average": 7.0, "poster_path": "/1xGd3BYMIAcEcBvJfyItuogWVPW.jpg"}}, {"model": "movies.nowmovie", "pk": 682507, "fields": {"title": "가재가 노래하는 곳", "vote_average": 7.7, "poster_path": "/8wIKnUgj6Sa7j84FJMhDZjeFdNy.jpg"}}, {"model": "movies.nowmovie", "pk": 758724, "fields": {"title": "헬 카운트", "vote_average": 6.7, "poster_path": "/cPVe8DLpoYBycK644ZP9pu8xHMr.jpg"}}, {"model": "movies.nowmovie", "pk": 800939, "fields": {"title": "티켓 투 파라다이스", "vote_average": 7.0, "poster_path": "/sjfzr7bNLMw4u2HaTdRUxhDspuw.jpg"}}, {"model": "movies.nowmovie", "pk": 848123, "fields": {"title": "블랙 사이트", "vote_average": 6.9, "poster_path": "/2iKZNSMGMMJMJCPBP2zanLUsdru.jpg"}}, {"model": "movies.nowmovie", "pk": 877269, "fields": {"title": "스트레인지 월드", "vote_average": 0.0, "poster_path": "/eJS6X8lGNJojMIxcHJKXBPknvcQ.jpg"}}, {"model": "movies.nowmovie", "pk": 999205, "fields": {"title": "더 요트", "vote_average": 6.8, "poster_path": "/lDzoW7XAi10TkGXIswqw3nMyOqd.jpg"}}, {"model": "movies.boxoffice", "pk": 56, "fields": {"title": "블랙 팬서: 와칸다 포에버", "audi_cnt": 160081, "day": 5}}, {"model": "movies.boxoffice", "pk": 57, "fields": {"title": "데시벨", "audi_cnt": 137860, "day": 5}}, {"model": "movies.boxoffice", "pk": 58, "fields": {"title": "동감", "audi_cnt": 71022, "day": 5}}, {"model": "movies.boxoffice", "pk": 59, "fields": {"title": "폴: 600미터", "audi_cnt": 15139, "day": 5}}, {"model": "movies.boxoffice", "pk": 60, "fields": {"title": "에브리씽 에브리웨어 올 앳 원스", "audi_cnt": 9523, "day": 5}}, {"model": "movies.boxoffice", "pk": 61, "fields": {"title": "극장판 짱구는 못말려: 수수께끼! 꽃피는 천하떡잎학교", "audi_cnt": 8451, "day": 5}}, {"model": "movies.boxoffice", "pk": 62, "fields": {"title": "자백", "audi_cnt": 6680, "day": 5}}, {"model": "movies.boxoffice", "pk": 63, "fields": {"title": "한산 리덕스", "audi_cnt": 2643, "day": 5}}, {"model": "movies.boxoffice", "pk": 64, "fields": {"title": "극장판 소드 아트 온라인 -프로그레시브- 짙은 어둠의 스케르초", "audi_cnt": 1531, "day": 5}}, {"model": "movies.boxoffice", "pk": 65, "fields": {"title": "심야카페: 미씽 허니", "audi_cnt": 1354, "day": 5}}, {"model": "movies.boxoffice", "pk": 66, "fields": {"title": "블랙 팬서: 와칸다 포에버", "audi_cnt": 130907, "day": 6}}, {"model": "movies.boxoffice", "pk": 67, "fields": {"title": "데시벨", "audi_cnt": 127923, "day": 6}}, {"model": "movies.boxoffice", "pk": 68, "fields": {"title": "동감", "audi_cnt": 63091, "day": 6}}, {"model": "movies.boxoffice", "pk": 69, "fields": {"title": "폴: 600미터", "audi_cnt": 14016, "day": 6}}, {"model": "movies.boxoffice", "pk": 70, "fields": {"title": "극장판 짱구는 못말려: 수수께끼! 꽃피는 천하떡잎학교", "audi_cnt": 9344, "day": 6}}, {"model": "movies.boxoffice", "pk": 71, "fields": {"title": "에브리씽 에브리웨어 올 앳 원스", "audi_cnt": 8329, "day": 6}}, {"model": "movies.boxoffice", "pk": 72, "fields": {"title": "자백", "audi_cnt": 5585, "day": 6}}, {"model": "movies.boxoffice", "pk": 73, "fields": {"title": "한산 리덕스", "audi_cnt": 2600, "day": 6}}, {"model": "movies.boxoffice", "pk": 74, "fields": {"title": "인생은 아름다워", "audi_cnt": 1184, "day": 6}}, {"model": "movies.boxoffice", "pk": 75, "fields": {"title": "극장판 소드 아트 온라인 -프로그레시브- 짙은 어둠의 스케르초", "audi_cnt": 938, "day": 6}}, {"model": "movies.boxoffice", "pk": 76, "fields": {"title": "블랙 팬서: 와칸다 포에버", "audi_cnt": 644181, "day": -1}}, {"model": "movies.boxoffice", "pk": 77, "fields": {"title": "데시벨", "audi_cnt": 477356, "day": -1}}, {"model": "movies.boxoffice", "pk": 78, "fields": {"title": "동감", "audi_cnt": 294411, "day": -1}}, {"model": "movies.boxoffice", "pk": 79, "fields": {"title": "폴: 600미터", "audi_cnt": 55507, "day": -1}}, {"model": "movies.boxoffice", "pk": 80, "fields": {"title": "자백", "audi_cnt": 46787, "day": -1}}, {"model": "movies.boxoffice", "pk": 81, "fields": {"title": "블랙 팬서: 와칸다 포에버", "audi_cnt": 73374, "day": 0}}, {"model": "movies.boxoffice", "pk": 82, "fields": {"title": "자백", "audi_cnt": 10709, "day": 0}}, {"model": "movies.boxoffice", "pk": 83, "fields": {"title": "에브리씽 에브리웨어 올 앳 원스", "audi_cnt": 4761, "day": 0}}, {"model": "movies.boxoffice", "pk": 84, "fields": {"title": "인생은 아름다워", "audi_cnt": 2836, "day": 0}}, {"model": "movies.boxoffice", "pk": 85, "fields": {"title": "데시벨", "audi_cnt": 2000, "day": 0}}, {"model": "movies.boxoffice", "pk": 86, "fields": {"title": "리멤버", "audi_cnt": 1879, "day": 0}}, {"model": "movies.boxoffice", "pk": 87, "fields": {"title": "극장판 짱구는 못말려: 수수께끼! 꽃피는 천하떡잎학교", "audi_cnt": 1803, "day": 0}}, {"model": "movies.boxoffice", "pk": 88, "fields": {"title": "동감", "audi_cnt": 1508, "day": 0}}, {"model": "movies.boxoffice", "pk": 89, "fields": {"title": "아인보: 아마존의 전설", "audi_cnt": 986, "day": 0}}, {"model": "movies.boxoffice", "pk": 90, "fields": {"title": "블랙 아담", "audi_cnt": 873, "day": 0}}, {"model": "movies.boxoffice", "pk": 91, "fields": {"title": "블랙 팬서: 와칸다 포에버", "audi_cnt": 63587, "day": 1}}, {"model": "movies.boxoffice", "pk": 92, "fields": {"title": "자백", "audi_cnt": 10114, "day": 1}}, {"model": "movies.boxoffice", "pk": 93, "fields": {"title": "에브리씽 에브리웨어 올 앳 원스", "audi_cnt": 4590, "day": 1}}, {"model": "movies.boxoffice", "pk": 94, "fields": {"title": "동감", "audi_cnt": 3900, "day": 1}}, {"model": "movies.boxoffice", "pk": 95, "fields": {"title": "인생은 아름다워", "audi_cnt": 3408, "day": 1}}, {"model": "movies.boxoffice", "pk": 96, "fields": {"title": "리멤버", "audi_cnt": 2313, "day": 1}}, {"model": "movies.boxoffice", "pk": 97, "fields": {"title": "데시벨", "audi_cnt": 2134, "day": 1}}, {"model": "movies.boxoffice", "pk": 98, "fields": {"title": "극장판 짱구는 못말려: 수수께끼! 꽃피는 천하떡잎학교", "audi_cnt": 2037, "day": 1}}, {"model": "movies.boxoffice", "pk": 99, "fields": {"title": "정직한 후보2", "audi_cnt": 897, "day": 1}}, {"model": "movies.boxoffice", "pk": 100, "fields": {"title": "블랙 아담", "audi_cnt": 881, "day": 1}}, {"model": "movies.boxoffice", "pk": 101, "fields": {"title": "데시벨", "audi_cnt": 68531, "day": 2}}, {"model": "movies.boxoffice", "pk": 102, "fields": {"title": "블랙 팬서: 와칸다 포에버", "audi_cnt": 63082, "day": 2}}, {"model": "movies.boxoffice", "pk": 103, "fields": {"title": "동감", "audi_cnt": 56742, "day": 2}}, {"model": "movies.boxoffice", "pk": 104, "fields": {"title": "폴: 600미터", "audi_cnt": 8377, "day": 2}}, {"model": "movies.boxoffice", "pk": 105, "fields": {"title": "자백", "audi_cnt": 5864, "day": 2}}, {"model": "movies.boxoffice", "pk": 106, "fields": {"title": "올빼미", "audi_cnt": 3990, "day": 2}}, {"model": "movies.boxoffice", "pk": 107, "fields": {"title": "에브리씽 에브리웨어 올 앳 원스", "audi_cnt": 3032, "day": 2}}, {"model": "movies.boxoffice", "pk": 108, "fields": {"title": "인생은 아름다워", "audi_cnt": 2008, "day": 2}}, {"model": "movies.boxoffice", "pk": 109, "fields": {"title": "한산 리덕스", "audi_cnt": 1610, "day": 2}}, {"model": "movies.boxoffice", "pk": 110, "fields": {"title": "아인보: 아마존의 전설", "audi_cnt": 1307, "day": 2}}, {"model": "movies.boxoffice", "pk": 111, "fields": {"title": "블랙 팬서: 와칸다 포에버", "audi_cnt": 69531, "day": 3}}, {"model": "movies.boxoffice", "pk": 112, "fields": {"title": "데시벨", "audi_cnt": 68442, "day": 3}}, {"model": "movies.boxoffice", "pk": 113, "fields": {"title": "동감", "audi_cnt": 54829, "day": 3}}, {"model": "movies.boxoffice", "pk": 114, "fields": {"title": "폴: 600미터", "audi_cnt": 8549, "day": 3}}, {"model": "movies.boxoffice", "pk": 115, "fields": {"title": "자백", "audi_cnt": 3478, "day": 3}}, {"model": "movies.boxoffice", "pk": 116, "fields": {"title": "에브리씽 에브리웨어 올 앳 원스", "audi_cnt": 3268, "day": 3}}, {"model": "movies.boxoffice", "pk": 117, "fields": {"title": "인생은 아름다워", "audi_cnt": 2044, "day": 3}}, {"model": "movies.boxoffice", "pk": 118, "fields": {"title": "심야카페: 미씽 허니", "audi_cnt": 2013, "day": 3}}, {"model": "movies.boxoffice", "pk": 119, "fields": {"title": "한산 리덕스", "audi_cnt": 1694, "day": 3}}, {"model": "movies.boxoffice", "pk": 120, "fields": {"title": "아인보: 아마존의 전설", "audi_cnt": 1496, "day": 3}}, {"model": "movies.boxoffice", "pk": 121, "fields": {"title": "블랙 팬서: 와칸다 포에버", "audi_cnt": 83619, "day": 4}}, {"model": "movies.boxoffice", "pk": 122, "fields": {"title": "데시벨", "audi_cnt": 70466, "day": 4}}, {"model": "movies.boxoffice", "pk": 123, "fields": {"title": "동감", "audi_cnt": 43319, "day": 4}}, {"model": "movies.boxoffice", "pk": 124, "fields": {"title": "폴: 600미터", "audi_cnt": 9043, "day": 4}}, {"model": "movies.boxoffice", "pk": 125, "fields": {"title": "에브리씽 에브리웨어 올 앳 원스", "audi_cnt": 4672, "day": 4}}, {"model": "movies.boxoffice", "pk": 126, "fields": {"title": "자백", "audi_cnt": 4357, "day": 4}}, {"model": "movies.boxoffice", "pk": 127, "fields": {"title": "극장판 짱구는 못말려: 수수께끼! 꽃피는 천하떡잎학교", "audi_cnt": 1740, "day": 4}}, {"model": "movies.boxoffice", "pk": 128, "fields": {"title": "한산 리덕스", "audi_cnt": 1736, "day": 4}}, {"model": "movies.boxoffice", "pk": 129, "fields": {"title": "인생은 아름다워", "audi_cnt": 1616, "day": 4}}, {"model": "movies.boxoffice", "pk": 130, "fields": {"title": "심야카페: 미씽 허니", "audi_cnt": 873, "day": 4}}, {"model": "movies.boxoffice", "pk": 131, "fields": {"title": "블랙 팬서: 와칸다 포에버", "audi_cnt": 160081, "day": 5}}, {"model": "movies.boxoffice", "pk": 132, "fields": {"title": "데시벨", "audi_cnt": 137860, "day": 5}}, {"model": "movies.boxoffice", "pk": 133, "fields": {"title": "동감", "audi_cnt": 71022, "day": 5}}, {"model": "movies.boxoffice", "pk": 134, "fields": {"title": "폴: 600미터", "audi_cnt": 15139, "day": 5}}, {"model": "movies.boxoffice", "pk": 135, "fields": {"title": "에브리씽 에브리웨어 올 앳 원스", "audi_cnt": 9523, "day": 5}}, {"model": "movies.boxoffice", "pk": 136, "fields": {"title": "극장판 짱구는 못말려: 수수께끼! 꽃피는 천하떡잎학교", "audi_cnt": 8451, "day": 5}}, {"model": "movies.boxoffice", "pk": 137, "fields": {"title": "자백", "audi_cnt": 6680, "day": 5}}, {"model": "movies.boxoffice", "pk": 138, "fields": {"title": "한산 리덕스", "audi_cnt": 2643, "day": 5}}, {"model": "movies.boxoffice", "pk": 139, "fields": {"title": "극장판 소드 아트 온라인 -프로그레시브- 짙은 어둠의 스케르초", "audi_cnt": 1531, "day": 5}}, {"model": "movies.boxoffice", "pk": 140, "fields": {"title": "심야카페: 미씽 허니", "audi_cnt": 1354, "day": 5}}, {"model": "movies.boxoffice", "pk": 141, "fields": {"title": "블랙 팬서: 와칸다 포에버", "audi_cnt": 130907, "day": 6}}, {"model": "movies.boxoffice", "pk": 142, "fields": {"title": "데시벨", "audi_cnt": 127923, "day": 6}}, {"model": "movies.boxoffice", "pk": 143, "fields": {"title": "동감", "audi_cnt": 63091, "day": 6}}, {"model": "movies.boxoffice", "pk": 144, "fields": {"title": "폴: 600미터", "audi_cnt": 14016, "day": 6}}, {"model": "movies.boxoffice", "pk": 145, "fields": {"title": "극장판 짱구는 못말려: 수수께끼! 꽃피는 천하떡잎학교", "audi_cnt": 9344, "day": 6}}, {"model": "movies.boxoffice", "pk": 146, "fields": {"title": "에브리씽 에브리웨어 올 앳 원스", "audi_cnt": 8329, "day": 6}}, {"model": "movies.boxoffice", "pk": 147, "fields": {"title": "자백", "audi_cnt": 5585, "day": 6}}, {"model": "movies.boxoffice", "pk": 148, "fields": {"title": "한산 리덕스", "audi_cnt": 2600, "day": 6}}, {"model": "movies.boxoffice", "pk": 149, "fields": {"title": "인생은 아름다워", "audi_cnt": 1184, "day": 6}}, {"model": "movies.boxoffice", "pk": 150, "fields": {"title": "극장판 소드 아트 온라인 -프로그레시브- 짙은 어둠의 스케르초", "audi_cnt": 938, "day": 6}}, {"model": "authtoken.token", "pk": "4afea30cca73cc3140c4a38d733d42475b9f0900", "fields": {"user": 4, "created": "2022-11-20T08:02:33.003Z"}}, {"model": "authtoken.token", "pk": "887ff95ff1765156f222a9f202c9dd57ccc32459", "fields": {"user": 3, "created": "2022-11-18T05:07:36.229Z"}}, {"model": "authtoken.token", "pk": "94fd83cdb30dc6a9c0f96591a10ad2a7983a45a1", "fields": {"user": 1, "created": "2022-11-18T15:29:57.253Z"}}, {"model": "authtoken.token", "pk": "a2ceeb71d90cc7876cfee1706ec731ab533d83bd", "fields": {"user": 2, "created": "2022-11-18T06:00:38.933Z"}}, {"model": "sites.site", "pk": 1, "fields": {"domain": "example.com", "name": "example.com"}}, {"model": "auth.permission", "pk": 1, "fields": {"name": "Can add user", "content_type": 1, "codename": "add_user"}}, {"model": "auth.permission", "pk": 2, "fields": {"name": "Can change user", "content_type": 1, "codename": "change_user"}}, {"model": "auth.permission", "pk": 3, "fields": {"name": "Can delete user", "content_type": 1, "codename": "delete_user"}}, {"model": "auth.permission", "pk": 4, "fields": {"name": "Can view user", "content_type": 1, "codename": "view_user"}}, {"model": "auth.permission", "pk": 5, "fields": {"name": "Can add post", "content_type": 2, "codename": "add_post"}}, {"model": "auth.permission", "pk": 6, "fields": {"name": "Can change post", "content_type": 2, "codename": "change_post"}}, {"model": "auth.permission", "pk": 7, "fields": {"name": "Can delete post", "content_type": 2, "codename": "delete_post"}}, {"model": "auth.permission", "pk": 8, "fields": {"name": "Can view post", "content_type": 2, "codename": "view_post"}}, {"model": "auth.permission", "pk": 9, "fields": {"name": "Can add comment", "content_type": 3, "codename": "add_comment"}}, {"model": "auth.permission", "pk": 10, "fields": {"name": "Can change comment", "content_type": 3, "codename": "change_comment"}}, {"model": "auth.permission", "pk": 11, "fields": {"name": "Can delete comment", "content_type": 3, "codename": "delete_comment"}}, {"model": "auth.permission", "pk": 12, "fields": {"name": "Can view comment", "content_type": 3, "codename": "view_comment"}}, {"model": "auth.permission", "pk": 13, "fields": {"name": "Can add actor", "content_type": 4, "codename": "add_actor"}}, {"model": "auth.permission", "pk": 14, "fields": {"name": "Can change actor", "content_type": 4, "codename": "change_actor"}}, {"model": "auth.permission", "pk": 15, "fields": {"name": "Can delete actor", "content_type": 4, "codename": "delete_actor"}}, {"model": "auth.permission", "pk": 16, "fields": {"name": "Can view actor", "content_type": 4, "codename": "view_actor"}}, {"model": "auth.permission", "pk": 17, "fields": {"name": "Can add director", "content_type": 5, "codename": "add_director"}}, {"model": "auth.permission", "pk": 18, "fields": {"name": "Can change director", "content_type": 5, "codename": "change_director"}}, {"model": "auth.permission", "pk": 19, "fields": {"name": "Can delete director", "content_type": 5, "codename": "delete_director"}}, {"model": "auth.permission", "pk": 20, "fields": {"name": "Can view director", "content_type": 5, "codename": "view_director"}}, {"model": "auth.permission", "pk": 21, "fields": {"name": "Can add genre", "content_type": 6, "codename": "add_genre"}}, {"model": "auth.permission", "pk": 22, "fields": {"name": "Can change genre", "content_type": 6, "codename": "change_genre"}}, {"model": "auth.permission", "pk": 23, "fields": {"name": "Can delete genre", "content_type": 6, "codename": "delete_genre"}}, {"model": "auth.permission", "pk": 24, "fields": {"name": "Can view genre", "content_type": 6, "codename": "view_genre"}}, {"model": "auth.permission", "pk": 25, "fields": {"name": "Can add movie", "content_type": 7, "codename": "add_movie"}}, {"model": "auth.permission", "pk": 26, "fields": {"name": "Can change movie", "content_type": 7, "codename": "change_movie"}}, {"model": "auth.permission", "pk": 27, "fields": {"name": "Can delete movie", "content_type": 7, "codename": "delete_movie"}}, {"model": "auth.permission", "pk": 28, "fields": {"name": "Can view movie", "content_type": 7, "codename": "view_movie"}}, {"model": "auth.permission", "pk": 29, "fields": {"name": "Can add review", "content_type": 8, "codename": "add_review"}}, {"model": "auth.permission", "pk": 30, "fields": {"name": "Can change review", "content_type": 8, "codename": "change_review"}}, {"model": "auth.permission", "pk": 31, "fields": {"name": "Can delete review", "content_type": 8, "codename": "delete_review"}}, {"model": "auth.permission", "pk": 32, "fields": {"name": "Can view review", "content_type": 8, "codename": "view_review"}}, {"model": "auth.permission", "pk": 33, "fields": {"name": "Can add log entry", "content_type": 9, "codename": "add_logentry"}}, {"model": "auth.permission", "pk": 34, "fields": {"name": "Can change log entry", "content_type": 9, "codename": "change_logentry"}}, {"model": "auth.permission", "pk": 35, "fields": {"name": "Can delete log entry", "content_type": 9, "codename": "delete_logentry"}}, {"model": "auth.permission", "pk": 36, "fields": {"name": "Can view log entry", "content_type": 9, "codename": "view_logentry"}}, {"model": "auth.permission", "pk": 37, "fields": {"name": "Can add permission", "content_type": 10, "codename": "add_permission"}}, {"model": "auth.permission", "pk": 38, "fields": {"name": "Can change permission", "content_type": 10, "codename": "change_permission"}}, {"model": "auth.permission", "pk": 39, "fields": {"name": "Can delete permission", "content_type": 10, "codename": "delete_permission"}}, {"model": "auth.permission", "pk": 40, "fields": {"name": "Can view permission", "content_type": 10, "codename": "view_permission"}}, {"model": "auth.permission", "pk": 41, "fields": {"name": "Can add group", "content_type": 11, "codename": "add_group"}}, {"model": "auth.permission", "pk": 42, "fields": {"name": "Can change group", "content_type": 11, "codename": "change_group"}}, {"model": "auth.permission", "pk": 43, "fields": {"name": "Can delete group", "content_type": 11, "codename": "delete_group"}}, {"model": "auth.permission", "pk": 44, "fields": {"name": "Can view group", "content_type": 11, "codename": "view_group"}}, {"model": "auth.permission", "pk": 45, "fields": {"name": "Can add content type", "content_type": 12, "codename": "add_contenttype"}}, {"model": "auth.permission", "pk": 46, "fields": {"name": "Can change content type", "content_type": 12, "codename": "change_contenttype"}}, {"model": "auth.permission", "pk": 47, "fields": {"name": "Can delete content type", "content_type": 12, "codename": "delete_contenttype"}}, {"model": "auth.permission", "pk": 48, "fields": {"name": "Can view content type", "content_type": 12, "codename": "view_contenttype"}}, {"model": "auth.permission", "pk": 49, "fields": {"name": "Can add session", "content_type": 13, "codename": "add_session"}}, {"model": "auth.permission", "pk": 50, "fields": {"name": "Can change session", "content_type": 13, "codename": "change_session"}}, {"model": "auth.permission", "pk": 51, "fields": {"name": "Can delete session", "content_type": 13, "codename": "delete_session"}}, {"model": "auth.permission", "pk": 52, "fields": {"name": "Can view session", "content_type": 13, "codename": "view_session"}}, {"model": "auth.permission", "pk": 53, "fields": {"name": "Can add Token", "content_type": 14, "codename": "add_token"}}, {"model": "auth.permission", "pk": 54, "fields": {"name": "Can change Token", "content_type": 14, "codename": "change_token"}}, {"model": "auth.permission", "pk": 55, "fields": {"name": "Can delete Token", "content_type": 14, "codename": "delete_token"}}, {"model": "auth.permission", "pk": 56, "fields": {"name": "Can view Token", "content_type": 14, "codename": "view_token"}}, {"model": "auth.permission", "pk": 57, "fields": {"name": "Can add token", "content_type": 15, "codename": "add_tokenproxy"}}, {"model": "auth.permission", "pk": 58, "fields": {"name": "Can change token", "content_type": 15, "codename": "change_tokenproxy"}}, {"model": "auth.permission", "pk": 59, "fields": {"name": "Can delete token", "content_type": 15, "codename": "delete_tokenproxy"}}, {"model": "auth.permission", "pk": 60, "fields": {"name": "Can view token", "content_type": 15, "codename": "view_tokenproxy"}}, {"model": "auth.permission", "pk": 61, "fields": {"name": "Can add site", "content_type": 16, "codename": "add_site"}}, {"model": "auth.permission", "pk": 62, "fields": {"name": "Can change site", "content_type": 16, "codename": "change_site"}}, {"model": "auth.permission", "pk": 63, "fields": {"name": "Can delete site", "content_type": 16, "codename": "delete_site"}}, {"model": "auth.permission", "pk": 64, "fields": {"name": "Can view site", "content_type": 16, "codename": "view_site"}}, {"model": "auth.permission", "pk": 65, "fields": {"name": "Can add email address", "content_type": 17, "codename": "add_emailaddress"}}, {"model": "auth.permission", "pk": 66, "fields": {"name": "Can change email address", "content_type": 17, "codename": "change_emailaddress"}}, {"model": "auth.permission", "pk": 67, "fields": {"name": "Can delete email address", "content_type": 17, "codename": "delete_emailaddress"}}, {"model": "auth.permission", "pk": 68, "fields": {"name": "Can view email address", "content_type": 17, "codename": "view_emailaddress"}}, {"model": "auth.permission", "pk": 69, "fields": {"name": "Can add email confirmation", "content_type": 18, "codename": "add_emailconfirmation"}}, {"model": "auth.permission", "pk": 70, "fields": {"name": "Can change email confirmation", "content_type": 18, "codename": "change_emailconfirmation"}}, {"model": "auth.permission", "pk": 71, "fields": {"name": "Can delete email confirmation", "content_type": 18, "codename": "delete_emailconfirmation"}}, {"model": "auth.permission", "pk": 72, "fields": {"name": "Can view email confirmation", "content_type": 18, "codename": "view_emailconfirmation"}}, {"model": "auth.permission", "pk": 73, "fields": {"name": "Can add social account", "content_type": 19, "codename": "add_socialaccount"}}, {"model": "auth.permission", "pk": 74, "fields": {"name": "Can change social account", "content_type": 19, "codename": "change_socialaccount"}}, {"model": "auth.permission", "pk": 75, "fields": {"name": "Can delete social account", "content_type": 19, "codename": "delete_socialaccount"}}, {"model": "auth.permission", "pk": 76, "fields": {"name": "Can view social account", "content_type": 19, "codename": "view_socialaccount"}}, {"model": "auth.permission", "pk": 77, "fields": {"name": "Can add social application", "content_type": 20, "codename": "add_socialapp"}}, {"model": "auth.permission", "pk": 78, "fields": {"name": "Can change social application", "content_type": 20, "codename": "change_socialapp"}}, {"model": "auth.permission", "pk": 79, "fields": {"name": "Can delete social application", "content_type": 20, "codename": "delete_socialapp"}}, {"model": "auth.permission", "pk": 80, "fields": {"name": "Can view social application", "content_type": 20, "codename": "view_socialapp"}}, {"model": "auth.permission", "pk": 81, "fields": {"name": "Can add social application token", "content_type": 21, "codename": "add_socialtoken"}}, {"model": "auth.permission", "pk": 82, "fields": {"name": "Can change social application token", "content_type": 21, "codename": "change_socialtoken"}}, {"model": "auth.permission", "pk": 83, "fields": {"name": "Can delete social application token", "content_type": 21, "codename": "delete_socialtoken"}}, {"model": "auth.permission", "pk": 84, "fields": {"name": "Can view social application token", "content_type": 21, "codename": "view_socialtoken"}}, {"model": "auth.permission", "pk": 85, "fields": {"name": "Can add box office", "content_type": 22, "codename": "add_boxoffice"}}, {"model": "auth.permission", "pk": 86, "fields": {"name": "Can change box office", "content_type": 22, "codename": "change_boxoffice"}}, {"model": "auth.permission", "pk": 87, "fields": {"name": "Can delete box office", "content_type": 22, "codename": "delete_boxoffice"}}, {"model": "auth.permission", "pk": 88, "fields": {"name": "Can view box office", "content_type": 22, "codename": "view_boxoffice"}}, {"model": "auth.permission", "pk": 89, "fields": {"name": "Can add now movie", "content_type": 23, "codename": "add_nowmovie"}}, {"model": "auth.permission", "pk": 90, "fields": {"name": "Can change now movie", "content_type": 23, "codename": "change_nowmovie"}}, {"model": "auth.permission", "pk": 91, "fields": {"name": "Can delete now movie", "content_type": 23, "codename": "delete_nowmovie"}}, {"model": "auth.permission", "pk": 92, "fields": {"name": "Can view now movie", "content_type": 23, "codename": "view_nowmovie"}}, {"model": "contenttypes.contenttype", "pk": 1, "fields": {"app_label": "accounts", "model": "user"}}, {"model": "contenttypes.contenttype", "pk": 2, "fields": {"app_label": "community", "model": "post"}}, {"model": "contenttypes.contenttype", "pk": 3, "fields": {"app_label": "community", "model": "comment"}}, {"model": "contenttypes.contenttype", "pk": 4, "fields": {"app_label": "movies", "model": "actor"}}, {"model": "contenttypes.contenttype", "pk": 5, "fields": {"app_label": "movies", "model": "director"}}, {"model": "contenttypes.contenttype", "pk": 6, "fields": {"app_label": "movies", "model": "genre"}}, {"model": "contenttypes.contenttype", "pk": 7, "fields": {"app_label": "movies", "model": "movie"}}, {"model": "contenttypes.contenttype", "pk": 8, "fields": {"app_label": "movies", "model": "review"}}, {"model": "contenttypes.contenttype", "pk": 9, "fields": {"app_label": "admin", "model": "logentry"}}, {"model": "contenttypes.contenttype", "pk": 10, "fields": {"app_label": "auth", "model": "permission"}}, {"model": "contenttypes.contenttype", "pk": 11, "fields": {"app_label": "auth", "model": "group"}}, {"model": "contenttypes.contenttype", "pk": 12, "fields": {"app_label": "contenttypes", "model": "contenttype"}}, {"model": "contenttypes.contenttype", "pk": 13, "fields": {"app_label": "sessions", "model": "session"}}, {"model": "contenttypes.contenttype", "pk": 14, "fields": {"app_label": "authtoken", "model": "token"}}, {"model": "contenttypes.contenttype", "pk": 15, "fields": {"app_label": "authtoken", "model": "tokenproxy"}}, {"model": "contenttypes.contenttype", "pk": 16, "fields": {"app_label": "sites", "model": "site"}}, {"model": "contenttypes.contenttype", "pk": 17, "fields": {"app_label": "account", "model": "emailaddress"}}, {"model": "contenttypes.contenttype", "pk": 18, "fields": {"app_label": "account", "model": "emailconfirmation"}}, {"model": "contenttypes.contenttype", "pk": 19, "fields": {"app_label": "socialaccount", "model": "socialaccount"}}, {"model": "contenttypes.contenttype", "pk": 20, "fields": {"app_label": "socialaccount", "model": "socialapp"}}, {"model": "contenttypes.contenttype", "pk": 21, "fields": {"app_label": "socialaccount", "model": "socialtoken"}}, {"model": "contenttypes.contenttype", "pk": 22, "fields": {"app_label": "movies", "model": "boxoffice"}}, {"model": "contenttypes.contenttype", "pk": 23, "fields": {"app_label": "movies", "model": "nowmovie"}}, {"model": "sessions.session", "pk": "07huvnwn0ycpaip38bjf9cjrt2velxdy", "fields": {"session_data": ".eJxVjDsOwjAQBe_iGln-20tJzxmsXX9wADlSnFSIu0OkFNC-mXkvFnFbW9xGWeKU2ZlJdvrdCNOj9B3kO_bbzNPc12Uiviv8oINf51yel8P9O2g42rcOzlWLWiWwiFhBBQnkihEBnURS2gFipkqGSBYrLBijffUgLFWvNHt_AOhoN9M:1ovtzl:20FJ5mvJ29Tzc5SKucl4411-q5kvupcz7i_dsA18Px8", "expire_date": "2022-12-02T05:32:57.698Z"}}, {"model": "sessions.session", "pk": "3ob3xd15v8bmyi85hpnwt6iq0vfbmoj3", "fields": {"session_data": ".eJxVjMsOwiAQRf-FtSFAebp07zeQgRmkaiAp7cr479qkC93ec859sQjbWuM2aIkzsjOb2Ol3S5Af1HaAd2i3znNv6zInviv8oINfO9Lzcrh_BxVG_dYQRHDKS-cpyKyNACRCKIZQC-sgaCeyQ59UKtICKhDBmIRlwklLK9j7A-bFOAE:1ovucJ:C5v_Zx0Do9Mqwz2DtkcCuPDyrn968-685Cnu2CB1RAo", "expire_date": "2022-12-02T06:12:47.030Z"}}, {"model": "sessions.session", "pk": "40799dnbr5mh866nb19y8vb5xuiqgmzs", "fields": {"session_data": ".eJxVjDsOwjAQBe_iGln-20tJzxmsXX9wADlSnFSIu0OkFNC-mXkvFnFbW9xGWeKU2ZlJdvrdCNOj9B3kO_bbzNPc12Uiviv8oINf51yel8P9O2g42rcOzlWLWiWwiFhBBQnkihEBnURS2gFipkqGSBYrLBijffUgLFWvNHt_AOhoN9M:1owBsh:K4BG3R-h0I84-uBhIIADiySAuebQ67kah0Fxzs7k-cg", "expire_date": "2022-12-03T00:38:51.873Z"}}, {"model": "sessions.session", "pk": "55l98w1fxdk2npxojtg6i5u9w1lvthpk", "fields": {"session_data": ".eJxljMEOwiAQBf-Fc0OglLb06N1vIMuyWBQhaYsX47-bmsbEeJ2Z954MEEvNm33QEkMkb-kOMbEp15Sar60rLWxiHWuYhbrNH2Cj_2cO8EZ5F_4K-VI4lrwt0fE94Ydd-bl4Sqej_TmYYZ33tfTYBelQqNEFowWOgzLQjkNrUHdSSKM1ha4HIqdakgP6EIzUPUqhiNjrDXxySZk:1owfHd:CxtJQb8fMdEW0p437oEZ-xT5_Myqj2L6aLaGypKfTsg", "expire_date": "2022-12-04T08:02:33.099Z"}}, {"model": "sessions.session", "pk": "60ctoh2mrkyvq95ok72kaqdzd5rzv00k", "fields": {"session_data": ".eJxVjDsOwjAQBe_iGln-20tJzxmsXX9wADlSnFSIu0OkFNC-mXkvFnFbW9xGWeKU2ZlJdvrdCNOj9B3kO_bbzNPc12Uiviv8oINf51yel8P9O2g42rcOzlWLWiWwiFhBBQnkihEBnURS2gFipkqGSBYrLBijffUgLFWvNHt_AOhoN9M:1ovum3:-NCI373mmT3RZVJv1UI9eLUgT3_9CNeAwMrAlIIv-wU", "expire_date": "2022-12-02T06:22:51.013Z"}}, {"model": "sessions.session", "pk": "9mf2yrlwlmub9oja0cuktwjo2di7f79v", "fields": {"session_data": ".eJxVjDsOwjAQBe_iGln-20tJzxmsXX9wADlSnFSIu0OkFNC-mXkvFnFbW9xGWeKU2ZlJdvrdCNOj9B3kO_bbzNPc12Uiviv8oINf51yel8P9O2g42rcOzlWLWiWwiFhBBQnkihEBnURS2gFipkqGSBYrLBijffUgLFWvNHt_AOhoN9M:1ovuRU:GpOC4poxpDKpXY2UTPJgxpmyx87e0edeTu8xahF2Svk", "expire_date": "2022-12-02T06:01:36.520Z"}}, {"model": "sessions.session", "pk": "9ttskbjosmuci4ja2tlnij6jf7dz4jjt", "fields": {"session_data": ".eJxVjMsOwiAQRf-FtSFAebp07zeQgRmkaiAp7cr479qkC93ec859sQjbWuM2aIkzsjOb2Ol3S5Af1HaAd2i3znNv6zInviv8oINfO9Lzcrh_BxVG_dYQRHDKS-cpyKyNACRCKIZQC-sgaCeyQ59UKtICKhDBmIRlwklLK9j7A-bFOAE:1ovxGw:6RDCFo4jt6gKYfIyz_mROAXDpenPmhkvsnI_5x-fc9U", "expire_date": "2022-12-02T09:02:54.857Z"}}, {"model": "sessions.session", "pk": "b2xc2dye92osvz65seqxjzp7vbtxlwin", "fields": {"session_data": ".eJxVjMsOwiAQRf-FtSFAebp07zeQgRmkaiAp7cr479qkC93ec859sQjbWuM2aIkzsjOb2Ol3S5Af1HaAd2i3znNv6zInviv8oINfO9Lzcrh_BxVG_dYQRHDKS-cpyKyNACRCKIZQC-sgaCeyQ59UKtICKhDBmIRlwklLK9j7A-bFOAE:1owEW6:w4MBVTXOgA7IX_ydH7LCwvE3rULcApv3BKf635D-Vrk", "expire_date": "2022-12-03T03:27:42.241Z"}}, {"model": "sessions.session", "pk": "cl5srv2ulsdwwnd0a2yc2emfyivcd8mp", "fields": {"session_data": ".eJxVjMsOwiAQRf-FtSFAebp07zeQgRmkaiAp7cr479qkC93ec859sQjbWuM2aIkzsjOb2Ol3S5Af1HaAd2i3znNv6zInviv8oINfO9Lzcrh_BxVG_dYQRHDKS-cpyKyNACRCKIZQC-sgaCeyQ59UKtICKhDBmIRlwklLK9j7A-bFOAE:1owBnT:_7KexoZmWDCXrnqJaVGQWrnd3peEewrE-jcD6O_mK6Q", "expire_date": "2022-12-03T00:33:27.451Z"}}, {"model": "sessions.session", "pk": "cnsijh3oypzgch06ouk9h794ul2ungoy", "fields": {"session_data": ".eJxVjEEOwiAQRe_C2pBCgRlcuvcMZGCoVA0kpV0Z765NutDtf-_9lwi0rSVsPS9hZnEWWpx-t0jpkesO-E711mRqdV3mKHdFHrTLa-P8vBzu30GhXr618ahZ-UGxcTyS0VPUNIKzmBDNwHoERYjEBlhZmCBH5uTI2kjWgRfvD8TpN4A:1owEGv:5y2XIXoNBoWXbHh9px10j6CYQvFM3RFBPAhEJzxLORo", "expire_date": "2022-12-03T03:12:01.439Z"}}, {"model": "sessions.session", "pk": "d4kwtjidjkcw53uxavuakhww3u10n0pz", "fields": {"session_data": ".eJxVjEEOwiAQRe_C2pBCgRlcuvcMZGCoVA0kpV0Z765NutDtf-_9lwi0rSVsPS9hZnEWWpx-t0jpkesO-E711mRqdV3mKHdFHrTLa-P8vBzu30GhXr618ahZ-UGxcTyS0VPUNIKzmBDNwHoERYjEBlhZmCBH5uTI2kjWgRfvD8TpN4A:1ovuQY:DaJQ7dsqrFSTGOZpMQhK-9vU-bBp_UR8Cs6Vwwp3q9U", "expire_date": "2022-12-02T06:00:38.985Z"}}, {"model": "sessions.session", "pk": "dy6q8j7w3v8zgs7y6c8b22wfpo26s1w9", "fields": {"session_data": ".eJxVjMsOwiAQRf-FtSFAebp07zeQgRmkaiAp7cr479qkC93ec859sQjbWuM2aIkzsjOb2Ol3S5Af1HaAd2i3znNv6zInviv8oINfO9Lzcrh_BxVG_dYQRHDKS-cpyKyNACRCKIZQC-sgaCeyQ59UKtICKhDBmIRlwklLK9j7A-bFOAE:1owLPI:yKNthVP81eiLBi7ubf-sN2jNMDMubbrg0k2kLkKvt7o", "expire_date": "2022-12-03T10:49:08.752Z"}}, {"model": "sessions.session", "pk": "eax0qn500sdi2wwvkmczad6u8hquq3rf", "fields": {"session_data": ".eJxVjDsOwjAQBe_iGln-20tJzxmsXX9wADlSnFSIu0OkFNC-mXkvFnFbW9xGWeKU2ZlJdvrdCNOj9B3kO_bbzNPc12Uiviv8oINf51yel8P9O2g42rcOzlWLWiWwiFhBBQnkihEBnURS2gFipkqGSBYrLBijffUgLFWvNHt_AOhoN9M:1ovtzz:YOl1kV9oPFBhUWZ8xzIwg0F0fOy02Lgj1sjb-3wwrf8", "expire_date": "2022-12-02T05:33:11.380Z"}}, {"model": "sessions.session", "pk": "ebje86vn7ppkagyffdhf2whgeykeu4bo", "fields": {"session_data": ".eJxVjMsOwiAQRf-FtSFAebp07zeQgRmkaiAp7cr479qkC93ec859sQjbWuM2aIkzsjOb2Ol3S5Af1HaAd2i3znNv6zInviv8oINfO9Lzcrh_BxVG_dYQRHDKS-cpyKyNACRCKIZQC-sgaCeyQ59UKtICKhDBmIRlwklLK9j7A-bFOAE:1ow2TH:ETblqU8xfijr5jMSGLUNaQC1hmdMQS8ohbte_TwEAFM", "expire_date": "2022-12-02T14:35:59.726Z"}}, {"model": "sessions.session", "pk": "i4ntax4mnvpedpr6s3kvyw53wbjfgyf1", "fields": {"session_data": ".eJxljMEOwiAQBf-Fc0OgLaV49O43kIVdLIqQtMWL8d-1pjExXmfmvQcD70vNq73THEMktHSDmNgh15Sar60LzezAOtYwC3WdPsBG_GcO_JXyJvAC-Vy4L3mdo-Nbwne78FNBSse9_TmYYJneazDC6HaUeiQjfa8EIBFCUIS9GDSYXguvcXStC3IAbEEYpRyGDrteDoI9X3r3SZM:1ovtbE:GwyGmZGuOqFG1q9FjooZKpQKuEBRB7BLqsuhJQJyi9w", "expire_date": "2022-12-02T05:07:36.279Z"}}, {"model": "sessions.session", "pk": "ii16rx7547c2v1lalskam7h2hc5hmf07", "fields": {"session_data": ".eJxVjDsOwjAQBe_iGln-20tJzxmsXX9wADlSnFSIu0OkFNC-mXkvFnFbW9xGWeKU2ZlJdvrdCNOj9B3kO_bbzNPc12Uiviv8oINf51yel8P9O2g42rcOzlWLWiWwiFhBBQnkihEBnURS2gFipkqGSBYrLBijffUgLFWvNHt_AOhoN9M:1owI1w:eWcoxYgeZQ16si58Nk84X5dDOko_YQ331A5HLpuwr_o", "expire_date": "2022-12-03T07:12:48.770Z"}}, {"model": "sessions.session", "pk": "jxxob1s25xdf9kayraym5x7gxvr9nj6x", "fields": {"session_data": ".eJxVjDsOwjAQBe_iGln-20tJzxmsXX9wADlSnFSIu0OkFNC-mXkvFnFbW9xGWeKU2ZlJdvrdCNOj9B3kO_bbzNPc12Uiviv8oINf51yel8P9O2g42rcOzlWLWiWwiFhBBQnkihEBnURS2gFipkqGSBYrLBijffUgLFWvNHt_AOhoN9M:1owh3B:P0QN0TKhFkhX7dA0x_daWwEqn_bQ8JOB6TCrq8BRB3E", "expire_date": "2022-12-04T09:55:45.814Z"}}, {"model": "sessions.session", "pk": "o83lr0rhbexsrnx9l9e1900xdvbmgq0p", "fields": {"session_data": ".eJxVjDsOwjAQBe_iGln-20tJzxmsXX9wADlSnFSIu0OkFNC-mXkvFnFbW9xGWeKU2ZlJdvrdCNOj9B3kO_bbzNPc12Uiviv8oINf51yel8P9O2g42rcOzlWLWiWwiFhBBQnkihEBnURS2gFipkqGSBYrLBijffUgLFWvNHt_AOhoN9M:1ow2RL:OiK1B1MhIxrw_m0HEPfdZJfZdsJgHWBAqZhG3r1cg28", "expire_date": "2022-12-02T14:33:59.078Z"}}, {"model": "sessions.session", "pk": "q69pnq7ek1uez39zgzdelpu5xz2s871r", "fields": {"session_data": ".eJxVjDsOwjAQBe_iGln-20tJzxmsXX9wADlSnFSIu0OkFNC-mXkvFnFbW9xGWeKU2ZlJdvrdCNOj9B3kO_bbzNPc12Uiviv8oINf51yel8P9O2g42rcOzlWLWiWwiFhBBQnkihEBnURS2gFipkqGSBYrLBijffUgLFWvNHt_AOhoN9M:1ow3JV:_9kbYtBSyOwcTHHWQt0KIO0_MldttM7ymW0SiQG6x2Y", "expire_date": "2022-12-02T15:29:57.299Z"}}, {"model": "sessions.session", "pk": "swe7gs5pfmjeejym35z8jjwzo2rf4wl9", "fields": {"session_data": ".eJxVjMsOwiAQRf-FtSFAebp07zeQgRmkaiAp7cr479qkC93ec859sQjbWuM2aIkzsjOb2Ol3S5Af1HaAd2i3znNv6zInviv8oINfO9Lzcrh_BxVG_dYQRHDKS-cpyKyNACRCKIZQC-sgaCeyQ59UKtICKhDBmIRlwklLK9j7A-bFOAE:1ovugL:3zDV4FpKfPk9cef-6pSVAACExgV0t66-dZwS3sBaMVA", "expire_date": "2022-12-02T06:16:57.267Z"}}, {"model": "sessions.session", "pk": "z2rrosi73mdrtybkvgbs87h01hv45loo", "fields": {"session_data": ".eJxVjDsOwjAQBe_iGln-20tJzxmsXX9wADlSnFSIu0OkFNC-mXkvFnFbW9xGWeKU2ZlJdvrdCNOj9B3kO_bbzNPc12Uiviv8oINf51yel8P9O2g42rcOzlWLWiWwiFhBBQnkihEBnURS2gFipkqGSBYrLBijffUgLFWvNHt_AOhoN9M:1owaUv:_fyZPfVwn5wQr-73zUJ_fUcCVgWVXxzZ8NGO0xL_CtM", "expire_date": "2022-12-04T02:55:57.107Z"}}]